DateTime,x(m),y(m),z(m),vx(m/s),vy(m/s),vz(m/s)
--------------------------,---------------,----------------,---------------,------------,------------,------------
2030-11-14 08:00:00.000000,-1958276.933509,-7105636.100295,-779825.172261,-825.359724,852.143060,-7157.786102
2030-11-14 08:01:00.000000,-2004319.963071,-7042021.036288,-1207662.721243,-709.029496,1267.479418,-7099.306018
2030-11-14 08:02:21.254160,-2055422.625320,-6916491.813446,-1779997.291210,-548.268914,1820.224902,-6980.731303
2030-11-14 08:03:39.241154,-2092074.837054,-6754273.584464,-2318603.556605,-391.332902,2337.512804,-6825.288069
2030-11-14 08:04:57.880906,-2116567.874841,-6550455.073859,-2847862.977593,-231.372873,2843.194490,-6628.467887
2030-11-14 08:06:16.589147,-2128448.303551,-6307358.834566,-3360544.742997,-70.449368,3330.619459,-6392.566172
2030-11-14 08:07:35.426012,-2127647.824648,-6026230.196983,-3853964.558292,90.671935,3797.526299,-6118.811474
2030-11-14 08:08:54.354256,-2114153.669078,-5708825.885914,-4324910.768034,251.031784,4241.163922,-5808.888430
2030-11-14 08:10:13.349001,-2088041.446784,-5357112.825552,-4770403.673468,409.705648,4659.007709,-5464.646893
2030-11-14 08:11:32.381114,-2049473.863937,-4973309.772019,-5187612.957841,565.774920,5048.672223,-5088.144024
2030-11-14 08:12:51.419612,-1998700.815688,-4559865.458632,-5573897.184554,718.337042,5407.940031,-4681.626128
2030-11-14 08:14:10.428800,-1936061.051543,-4119458.802694,-5926814.902837,866.505460,5734.764335,-4247.533548
2030-11-14 08:15:29.372603,-1861978.273049,-3654958.485552,-6244169.748671,1009.423586,6027.303823,-3788.466963
2030-11-14 08:16:48.208407,-1776964.640828,-3169437.905474,-6524007.977041,1146.259386,6283.914325,-3307.209533
2030-11-14 08:18:06.886620,-1681621.094738,-2666159.657074,-6764648.264545,1276.212247,6503.171669,-2806.720460
2030-11-14 08:19:25.349501,-1576637.632557,-2148560.476883,-6964710.397245,1398.519664,6683.894827,-2290.130198
2030-11-14 08:20:43.524244,-1462801.537808,-1620271.345130,-7123135.969487,1512.457216,6825.163645,-1760.772049
2030-11-14 08:22:01.298930,-1341035.844458,-1085254.681645,-7239208.235616,1617.321753,6926.339452,-1222.333817
2030-11-14 08:23:18.497669,-1212450.037284,-547946.412713,-7312647.093898,1712.432064,6987.159021,-679.020009
2030-11-14 08:24:34.762358,-1078564.452087,-14031.844123,-7343768.231670,1797.053491,7007.902977,-136.366938
2030-11-14 08:25:53.338623,-934266.270765,536114.252204,-7332403.123568,1873.986576,6987.932013,425.931578
2030-11-14 08:27:11.990870,-784201.521837,1083559.199292,-7276752.502822,1940.052133,6925.645910,988.938240
2030-11-14 08:28:30.341324,-629989.057176,1622379.160844,-7177384.905312,1994.498678,6821.445186,1546.787892
2030-11-14 08:29:48.421057,-472520.911985,2149582.907367,-7035099.102143,2037.040110,6675.873697,2096.547858
2030-11-14 08:31:06.205561,-312810.737963,2661888.521413,-6851011.169243,2067.411206,6489.764203,2634.915591
2030-11-14 08:32:23.678823,-151864.152109,3156190.389305,-6626495.760490,2085.423117,6264.183959,3158.695394
2030-11-14 08:33:40.827882,9318.131231,3629540.229606,-6363173.841662,2090.959878,6000.433217,3664.777296
2030-11-14 08:34:57.640345,169742.115829,4079149.289216,-6062904.119386,2083.979193,5700.047243,4150.138914
2030-11-14 08:36:14.106516,328431.668970,4502417.894692,-5727759.142297,2064.513750,5364.782926,4611.878353
2030-11-14 08:37:30.217769,484431.591197,4896940.448695,-5360013.099701,2032.671950,4996.616780,5047.222796
2030-11-14 08:38:45.968263,636817.250513,5260527.345284,-4962114.702910,1988.637550,4597.727372,5453.557375
2030-11-14 08:40:01.354162,784698.585821,5591210.504770,-4536669.536830,1932.669188,4170.486284,5828.438051
2030-11-14 08:41:16.372241,927222.693207,5887246.361646,-4086427.587769,1865.100721,3717.453127,6169.602831
2030-11-14 08:42:31.020110,1063579.483201,6147126.025507,-3614262.473776,1786.340399,3241.360880,6474.992254
2030-11-14 08:43:45.296446,1193006.946386,6369583.160550,-3123149.303853,1696.869102,2745.098290,6742.768620
2030-11-14 08:44:59.196406,1314788.192256,6553588.542923,-2616175.198773,1597.244438,2231.723650,6971.319684
2030-11-14 08:46:12.712473,1428259.135987,6698366.460737,-2096515.680715,1488.099258,1704.442483,7159.288185
2030-11-14 08:47:25.826921,1532804.214195,6803397.327475,-1567468.512362,1370.152181,1166.641751,7305.583338
2030-11-14 08:48:38.488256,1627837.685698,6868433.012528,-1032608.674742,1244.250592,622.046051,7409.398307
2030-11-14 08:49:50.566069,1712780.268276,6893586.014044,-496106.071477,1111.466565,75.038963,7470.297416
2030-11-14 08:51:03.481959,1788703.869110,6878765.635329,49524.715422,969.880487,-481.849188,7488.381035
2030-11-14 08:52:15.977216,1853716.130309,6823751.784040,591720.454152,822.680526,-1035.593798,7462.379738
2030-11-14 08:53:28.546350,1907900.221095,6728580.267180,1130978.452557,669.778775,-1586.456435,7392.154856
2030-11-14 08:54:40.861116,1950684.287826,6594207.189144,1661684.868993,512.807622,-2128.430044,7278.232676
2030-11-14 08:55:52.995099,1981916.095258,6421479.617583,2181289.738858,352.611296,-2658.619266,7121.261638
2030-11-14 08:57:04.965520,2001460.872611,6211506.764746,2686898.450605,190.173292,-3173.768647,6922.206497
2030-11-14 08:58:16.797492,2009248.300651,5965565.868110,3175759.987063,26.474454,-3670.770598,6682.277154
2030-11-14 08:59:28.515921,2005267.198593,5685109.090262,3645218.437141,-137.495959,-4146.624987,6402.932796
2030-11-14 09:00:40.144942,1989565.590970,5371759.505094,4092720.643067,-300.745409,-4598.455774,6085.876160
2030-11-14 09:01:51.708013,1962250.797701,5027304.546423,4515828.498748,-462.284873,-5023.531834,5733.043911
2030-11-14 09:03:03.230078,1923487.904225,4653677.147246,4912241.959339,-621.140245,-5419.297656,5346.582875
2030-11-14 09:04:14.733655,1873500.678090,4252966.455264,5279786.409510,-776.349978,-5783.367341,4928.855502
2030-11-14 09:05:26.239411,1812571.739489,3827409.104094,5616429.360773,-926.973141,-6113.547266,4482.424792
2030-11-14 09:06:37.769478,1741038.909882,3379360.231647,5920306.853208,-1072.102805,-6407.866728,4010.016828
2030-11-14 09:07:49.341032,1659300.209410,2911322.880694,6189705.653986,-1210.859060,-6664.564177,3514.544079
2030-11-14 09:09:00.972772,1567806.530424,2425897.414742,6423102.752105,-1342.408492,-6882.127954,2999.044142
2030-11-14 09:10:12.678973,1467066.954080,1925808.529515,6619153.964105,-1465.958686,-7059.286664,2466.700140
2030-11-14 09:11:24.470688,1357646.831246,1413886.327414,6776714.363152,-1580.767493,-7195.029186,1920.812652
2030-11-14 09:12:36.350582,1240175.025259,893090.130397,6894845.731556,-1686.142422,-7288.612320,1364.817223
2030-11-14 09:13:48.311607,1115346.559012,366503.458812,6972843.617402,-1781.449079,-7339.586157,802.271436
2030-11-14 09:15:00.313107,983966.516903,-162510.432482,7010262.483953,-1866.096100,-7347.825562,237.013722
2030-11-14 09:16:12.720059,846104.214137,-693551.245554,7006867.564871,-1939.978540,-7313.285614,-330.307496
2030-11-14 09:17:25.543746,702476.814052,-1223569.205747,6962167.840621,-2002.560686,-7235.838831,-896.239206
2030-11-14 09:18:38.531737,554391.257222,-1747583.226779,6876290.823725,-2053.213209,-7116.140708,-1455.299908
2030-11-14 09:19:51.733001,402609.503201,-2262841.625945,6749581.887980,-2091.689631,-6954.961204,-2004.428284
2030-11-14 09:21:05.152143,248004.874783,-2766308.305860,6582645.918141,-2117.782126,-6753.367829,-2540.301051
2030-11-14 09:22:18.798347,91460.858888,-3255035.653210,6376314.809658,-2131.363726,-6512.662980,-3059.733198
2030-11-14 09:23:32.678890,-66120.507670,-3726135.703438,6131653.777285,-2132.384217,-6234.384878,-3559.648325
2030-11-14 09:24:45.543854,-221161.127639,-4169363.561348,5855022.955586,-2121.168928,-5925.895726,-4029.227876
2030-11-14 09:26:00.090910,-378477.191384,-4598337.777112,5537568.126117,-2097.358480,-5577.616731,-4482.969720
2030-11-14 09:27:14.674267,-533637.124124,-5000382.989436,5187189.994010,-2061.351048,-5198.602036,-4907.558593
2030-11-14 09:28:29.538499,-686233.839767,-5374447.448111,4804818.841205,-2013.324804,-4790.080060,-5302.034143
2030-11-14 09:29:44.645026,-835276.343173,-5718016.948094,4392793.426364,-1953.621547,-4354.765411,-5663.925535
2030-11-14 09:30:59.997838,-979880.608709,-6028983.313911,3953439.445177,-1882.630851,-3895.297870,-5991.222577
2030-11-14 09:32:15.588710,-1119163.127132,-6305376.492931,3489323.877208,-1800.817306,-3414.510697,-6282.087235
2030-11-14 09:33:31.405899,-1252266.014870,-6545430.508686,3003199.770812,-1708.713164,-2915.366558,-6534.916687
2030-11-14 09:34:47.431622,-1378360.350038,-6747597.333582,2498007.866437,-1606.918689,-2400.954783,-6748.350659
2030-11-14 09:36:03.636476,-1496646.686176,-6910561.753118,1976899.277472,-1496.108146,-1874.510274,-6921.278953
2030-11-14 09:37:19.977320,-1606364.625783,-7033277.553128,1443233.883171,-1377.032570,-1339.407830,-7052.870507
2030-11-14 09:38:36.373032,-1706777.073422,-7114991.431681,900730.232829,-1250.559449,-799.307784,-7142.587448
2030-11-14 09:39:52.651863,-1797142.654064,-7155335.605337,353817.848165,-1117.772405,-258.496256,-7190.265775
2030-11-14 09:41:10.121539,-1878321.812870,-7154124.855547,-203709.837812,-977.085103,289.244101,-7196.043856
2030-11-14 09:42:27.598813,-1948408.203247,-7110632.173884,-760088.064493,-831.360886,832.463609,-7159.270024
2030-11-14 09:43:45.484072,-2007315.347227,-7024767.169184,-1314877.215622,-680.676098,1370.928192,-7080.054181
2030-11-14 09:45:03.787123,-2054570.947418,-6896562.161431,-1864781.168265,-525.830316,1901.637273,-6958.564362
2030-11-14 09:46:22.234217,-2089652.140769,-6726963.898665,-2404541.690348,-368.221978,2419.754978,-6795.823755
2030-11-14 09:47:40.843221,-2112335.136006,-6516870.912744,-2931032.144062,-208.696128,2922.550766,-6592.791539
2030-11-14 09:48:59.587448,-2122451.040496,-6267525.191831,-3440894.754906,-48.191060,3407.099817,-6350.722475
2030-11-14 09:50:18.444681,-2119916.715270,-5980423.494080,-3930908.548588,112.363803,3870.629428,-6071.080420
2030-11-14 09:51:37.389398,-2104733.658888,-5657328.739591,-4397961.669651,272.037318,4310.483740,-5755.548383
2030-11-14 09:52:56.394891,-2076989.451112,-5300253.854509,-4839089.895787,429.906008,4724.151522,-5406.013342
2030-11-14 09:54:15.431780,-2036858.632973,-4911456.269309,-5251492.465436,585.056187,5109.272484,-5024.562862
2030-11-14 09:55:34.468225,-1984603.015637,-4493424.207809,-5632558.500723,736.589674,5463.653823,-4613.475136
2030-11-14 09:56:53.469584,-1920571.518104,-4048863.114066,-5979889.958885,883.628571,5785.283977,-4175.210578
2030-11-14 09:58:12.397252,-1845200.316339,-3580684.963348,-6291321.615513,1025.318891,6072.344349,-3712.407640
2030-11-14 09:59:31.208261,-1759012.169201,-3091991.737429,-6564945.722402,1160.836204,6323.226328,-3227.874208
2030-11-14 10:00:49.853444,-1662616.853045,-2586065.377264,-6799132.803910,1289.389551,6536.545944,-2724.586640
2030-11-14 10:02:08.271333,-1556717.771405,-2066384.624243,-6992547.206519,1410.220440,6711.155385,-2205.716940
2030-11-14 10:03:26.382683,-1442120.290578,-1536637.993392,-7144181.302178,1522.607096,6846.173676,-1674.657873
2030-11-14 10:04:44.071048,-1319763.756157,-1000828.398166,-7253389.852788,1625.855812,6941.020832,-1135.142455
2030-11-14 10:06:01.144596,-1190793.354299,-463504.243870,-7319973.694938,1719.286059,6995.503023,-591.496507
2030-11-14 10:07:17.194909,-1056830.111257,69306.483255,-7344377.707224,1802.141286,7010.020962,-49.617950
2030-11-14 10:08:36.452615,-910915.339296,624127.090082,-7325829.638590,1878.076412,6983.244290,517.874166
2030-11-14 10:09:54.952330,-760893.247268,1169880.852094,-7263116.112653,1942.291667,6914.316238,1079.609155
2030-11-14 10:11:13.263611,-606651.396667,1707282.994119,-7156732.048669,1994.976221,6803.451328,1636.495668
2030-11-14 10:12:31.284101,-449334.759789,2232426.977741,-7007614.577402,2035.741242,6651.336074,2184.648626
2030-11-14 10:13:49.008055,-289918.599718,2742176.785788,-6816901.253132,2064.344822,6458.818347,2720.904196
2030-11-14 10:15:06.418519,-129407.658259,3233440.160145,-6586009.491049,2080.607375,6227.004966,3242.067828
2030-11-14 10:16:23.501444,31198.739678,3703285.231504,-6316603.711917,2084.422999,5957.238368,3745.033405
2030-11-14 10:17:40.245802,190914.029624,4148957.985168,-6010575.881663,2075.759916,5651.087801,4226.801969
2030-11-14 10:18:56.641954,348767.665142,4567887.783589,-5670032.915957,2054.661056,5310.347234,4684.489433
2030-11-14 10:20:12.681890,503812.002772,4957703.464948,-5297277.930886,2021.244838,4937.026703,5115.347387
2030-11-14 10:21:28.361115,655132.086739,5316254.580041,-4894780.712564,1975.704146,4533.332159,5516.791772
2030-11-14 10:22:43.674833,801843.515902,5641602.540168,-4465176.612789,1918.307778,4101.672822,5886.399868
2030-11-14 10:23:58.620230,943102.456000,5932041.811265,-4011235.374983,1849.398874,3644.637232,6221.941993
2030-11-14 10:25:13.195580,1078108.824991,6186103.218486,-3535845.087404,1769.394204,3164.983028,6521.394739
2030-11-14 10:26:27.399525,1206109.754533,6402558.309046,-3041996.111216,1678.783343,2665.625162,6782.956232
2030-11-14 10:27:41.228746,1326400.513869,6580420.561110,-2532776.802440,1578.129997,2149.634413,7005.057933
2030-11-14 10:28:54.671898,1438321.137882,6718946.151662,-2011397.847837,1468.080123,1620.263363,7186.374483
2030-11-14 10:30:07.706421,1541261.143277,6817655.887936,-1481198.597985,1349.368470,1080.952632,7325.857556
2030-11-14 10:31:20.277051,1634644.778913,6876356.438969,-945785.347837,1222.858037,535.469823,7422.760902
2030-11-14 10:32:32.224197,1717879.362516,6895230.467989,-409543.751153,1089.685188,-11.570767,7476.716663
2030-11-14 10:33:45.099199,1792156.826357,6874096.813582,135993.842332,947.676422,-568.638180,7487.791774
2030-11-14 10:34:57.547593,1855507.878456,6812842.790626,677543.058312,800.209629,-1121.959158,7454.797583
2030-11-14 10:36:10.071752,1908023.273679,6711498.393037,1215663.793234,647.182733,-1671.854034,7377.600171
2030-11-14 10:37:22.346577,1949150.163191,6571077.710911,1744776.027136,490.224759,-2212.344104,7256.800931
2030-11-14 10:38:34.445018,1978743.008375,6392453.880098,2262335.691649,330.181413,-2740.536727,7093.086610
2030-11-14 10:39:46.384946,1996675.464479,6176763.359609,2765465.825434,168.034115,-3253.192667,6887.462681
2030-11-14 10:40:58.191270,2002884.840127,5925310.945958,3251428.434810,4.762588,-3747.217497,6641.179808
2030-11-14 10:42:09.889226,1997367.415369,5639573.548131,3717585.876878,-158.647149,-4219.631203,6355.734915
2030-11-14 10:43:21.502032,1980178.631695,5321203.177804,4161396.967466,-321.203886,-4667.573054,6032.872183
2030-11-14 10:44:33.054569,1951432.432523,4972004.770856,4580451.659096,-481.926121,-5088.344926,5674.557380
2030-11-14 10:45:44.570734,1911300.874138,4593938.609160,4972464.182092,-639.842518,-5479.411709,5282.975448
2030-11-14 10:46:56.071836,1860015.214149,4189122.600409,5335276.548746,-793.994974,-5838.411580,4860.527487
2030-11-14 10:48:07.580077,1797863.377978,3759805.413598,5666888.656410,-943.452798,-6163.191591,4409.796412
2030-11-14 10:49:19.117090,1725189.381348,3308363.681926,5965459.330785,-1087.315553,-6451.812906,3933.536604
2030-11-14 10:50:30.699326,1642397.673751,2837322.589038,6229299.821120,-1224.710301,-6702.548195,3434.688088
2030-11-14 10:51:42.345825,1549944.049857,2349296.034186,6456917.151944,-1354.813324,-6913.925700,2916.305361
2030-11-14 10:52:54.068972,1448345.186669,1847035.950399,6646992.499090,-1476.838698,-7084.709897,2381.601461
2030-11-14 10:54:05.879040,1338172.637294,1333390.633049,6798413.602362,-1590.053899,-7213.932594,1833.895756
2030-11-14 10:55:17.779041,1220059.296206,811327.109078,6910279.628461,-1693.778650,-7300.897530,1276.629850
2030-11-14 10:56:29.756359,1094713.942840,283976.963797,6981919.987772,-1787.383868,-7345.199846,713.408990
2030-11-14 10:57:41.760880,962963.840120,-245223.159343,7012938.325710,-1870.283715,-7346.776206,148.144838
2030-11-14 10:58:53.139656,826859.116806,-768435.617407,7003552.509210,-1941.449780,-7306.492303,-410.579162
2030-11-14 11:00:06.155094,682799.445363,-1299126.616908,6952854.565502,-2002.562415,-7222.825761,-976.954333
2030-11-14 11:01:19.160480,534737.792714,-1822097.372467,6861113.247216,-2051.592535,-7097.177565,-1534.596119
2030-11-14 11:02:32.407061,383039.234029,-2336069.990516,6728577.015059,-2088.476136,-6930.133355,-2082.024117
2030-11-14 11:03:45.869374,228637.757653,-2837798.433916,6555920.376164,-2112.994936,-6722.846375,-2615.699768
2030-11-14 11:04:59.561053,72406.936464,-3324374.332297,6344000.271459,-2125.034103,-6476.642853,-3132.488749
2030-11-14 11:06:13.488399,-84750.497698,-3792913.545026,6093916.741097,-2124.552622,-6193.095829,-3629.327762
2030-11-14 11:07:26.942472,-240412.540836,-4236422.303538,5809928.492200,-2111.770379,-5877.231070,-4098.852225
2030-11-14 11:08:41.460074,-396911.301293,-4661427.624535,5487578.146031,-2086.505357,-5524.375871,-4548.050001
2030-11-14 11:09:56.106341,-551338.891306,-5059661.754480,5132206.556611,-2049.088113,-5140.704975,-4968.289597
2030-11-14 11:11:11.018899,-703065.227914,-5429469.805059,4745216.326742,-1999.734997,-4727.958185,-5357.979970
2030-11-14 11:12:26.177397,-851142.117111,-5768460.357577,4328890.267037,-1938.786727,-4288.780138,-5714.787286
2030-11-14 11:13:41.581110,-994681.369974,-6074528.276323,3885605.365058,-1866.642822,-3825.855535,-6036.710865
2030-11-14 11:14:57.219435,-1132801.570476,-6345725.578893,3417969.555745,-1783.777143,-3342.050043,-6321.941167
2030-11-14 11:16:13.082657,-1264655.938848,-6580327.651592,2928747.572560,-1690.725833,-2840.327703,-6568.922873
2030-11-14 11:17:29.150365,-1389419.230411,-6776814.988285,2420918.358923,-1588.097627,-2323.806065,-6776.328289
2030-11-14 11:18:45.392315,-1506300.226566,-6933911.828623,1897657.536688,-1476.572780,-1795.733667,-6943.089757
2030-11-14 11:20:01.759722,-1614541.501358,-7050609.386035,1362379.803823,-1356.915293,-1259.528979,-7068.414794
2030-11-14 11:21:18.163523,-1713410.272262,-7126206.131873,818872.363580,-1230.010420,-718.908711,-7151.816967
2030-11-14 11:22:34.408446,-1802159.155841,-7160408.025158,271739.814018,-1096.988234,-178.318867,-7193.202916
2030-11-14 11:23:51.927986,-1881768.285126,-7152981.058853,-286129.606912,-956.033803,369.350808,-7192.669125
2030-11-14 11:25:08.905819,-1949815.794001,-7103766.844570,-838433.344086,-811.206475,908.239862,-7150.076201
2030-11-14 11:26:27.140075,-2007386.242928,-7011540.095237,-1394742.486323,-659.924571,1447.867897,-7064.513328
2030-11-14 11:27:45.433630,-2053018.627283,-6877392.239185,-1943129.945572,-505.282380,1976.838438,-6937.098823
2030-11-14 11:29:03.919184,-2086512.205082,-6701877.340878,-2481239.174816,-347.893349,2493.138741,-6768.491344
2030-11-14 11:30:22.555199,-2107617.493402,-6486028.920829,-3005536.445841,-188.717258,2993.649201,-6559.772637
2030-11-14 11:31:41.323692,-2116180.249430,-6231109.190125,-3512737.633700,-28.671996,3475.518366,-6312.210626
2030-11-14 11:33:00.200453,-2112127.544981,-5938658.519953,-3999625.941902,131.312494,3935.978798,-6027.304503
2030-11-14 11:34:19.159975,-2095471.563415,-5610476.796825,-4463110.787898,290.309186,4372.394721,-5706.766104
2030-11-14 11:35:38.174733,-2066310.593303,-5248615.864516,-4900247.989673,447.397584,4782.272377,-5352.513314
2030-11-14 11:36:57.215113,-2024829.644425,-4855368.098043,-5308264.171013,601.668736,5163.274456,-4966.661141
2030-11-14 11:38:16.248983,-1971300.687944,-4433254.710811,-5684579.060807,752.229628,5513.232825,-4551.513960
2030-11-14 11:39:35.240870,-1906082.875806,-3985014.720476,-6026826.488066,898.207107,5830.160592,-4109.559844
2030-11-14 11:40:54.152502,-1829621.215958,-3513584.305656,-6332881.710432,1038.754688,6112.270778,-3643.456777
2030-11-14 11:42:12.940432,-1742447.291281,-3022090.810133,-6600876.956191,1173.054512,6357.985082,-3156.034608
2030-11-14 11:43:31.554033,-1645180.375269,-2513844.537747,-6829223.568254,1300.321338,6565.950061,-2650.296151
2030-11-14 11:44:49.928722,-1538535.504802,-1992360.620522,-7016628.865089,1419.801155,6735.050219,-2129.449658
2030-11-14 11:46:07.981010,-1423331.687340,-1461368.425856,-7162135.853998,1530.777259,6864.444124,-1596.930746
2030-11-14 11:47:25.589608,-1300523.296503,-924911.472861,-7265162.470405,1632.563456,6953.603417,-1056.517537
2030-11-14 11:48:42.541340,-1171299.048710,-387687.384049,-7325581.253166,1724.472468,7002.396324,-512.694104
2030-11-14 11:49:58.372459,-1037389.649865,143898.502516,-7343972.301729,1805.722218,7011.350742,28.244360
2030-11-14 11:51:17.607576,-891290.572435,698438.148892,-7319254.649718,1880.193689,6978.808390,595.802057
2030-11-14 11:52:36.060169,-741250.672272,1243292.542835,-7250483.507036,1942.922805,6904.179439,1156.997056
2030-11-14 11:53:54.323937,-587111.225052,1779353.735773,-7138142.511110,1994.119299,6787.660399,1712.912561
2030-11-14 11:55:12.293137,-430022.666419,2302703.851662,-6983217.634075,2033.401510,6629.980659,2259.641538
2030-11-14 11:56:29.963241,-270955.804110,2810229.684893,-6786881.365774,2060.536463,6432.018759,2794.033266
2030-11-14 11:57:47.317197,-110912.689501,3298855.882917,-6550587.477016,2075.353045,6194.915317,3312.899678
2030-11-14 11:59:04.341933,49113.084764,3765676.837229,-6276031.162117,2077.753987,5920.042734,3813.150926
2030-11-14 12:00:21.026252,208139.055730,4207959.856045,-5965136.284277,2067.715879,5609.003115,4291.799216
2030-11-14 12:01:37.361119,365201.080343,4623162.371378,-5620036.358702,2045.289940,5263.619703,4745.979278
2030-11-14 12:02:53.338528,519357.314945,5008939.748868,-5243060.983294,2010.602870,4885.933321,5172.960517
2030-11-14 12:04:08.954298,669699.812152,5363171.385494,-4836702.272589,1963.855580,4478.178047,5570.181256
2030-11-14 12:05:24.204034,815351.876859,5683950.280305,-4403614.546988,1905.324578,4042.789189,5935.244270
2030-11-14 12:06:39.086006,955479.043172,5969605.765234,-3946579.078582,1835.359625,3582.375002,6265.950577
2030-11-14 12:07:53.598378,1089288.628276,6218699.113470,-3468499.342004,1754.384617,3099.717591,6560.304001
2030-11-14 12:09:07.738598,1216033.765698,6430030.778325,-2972386.045850,1662.897455,2597.762060,6816.529444
2030-11-14 12:10:21.503675,1335018.968020,6602649.828373,-2461335.549454,1561.468264,2079.597270,7033.094625
2030-11-14 12:11:34.881709,1445592.593861,6735847.318818,-1938569.679615,1450.750154,1548.497193,7208.711165
2030-11-14 12:12:47.847564,1547150.559564,6829179.415692,-1407450.862081,1331.488094,1007.935877,7342.369157
2030-11-14 12:14:00.337037,1639118.033166,6882493.469819,-871653.120082,1204.567208,461.759632,7433.365394
2030-11-14 12:15:12.169786,1720897.615062,6896040.965809,-335715.063540,1071.171212,-85.251689,7481.402067
2030-11-14 12:16:25.009759,1793780.757917,6869543.401888,209684.018746,928.906008,-642.436429,7486.496136
2030-11-14 12:17:37.414199,1855729.368186,6802995.800003,750595.077397,781.323066,-1195.330854,7447.543316
2030-11-14 12:18:49.899674,1906846.878144,6696415.466410,1287687.466407,628.292959,-1744.362889,7364.409001
2030-11-14 12:20:02.139649,1946592.704290,6550868.787054,1815379.794330,471.449065,-2283.547002,7237.760266
2030-11-14 12:21:14.207967,1974827.551019,6367247.879236,2331143.644957,311.634687,-2810.003744,7068.313894
2030-11-14 12:22:26.121501,1991431.325584,6146715.945836,2832106.146104,149.832305,-3320.496557,6857.113490
2030-11-14 12:23:37.905813,1996347.883889,5890598.984089,3315546.534713,-12.981732,-3811.948561,6605.442533
2030-11-14 12:24:49.585865,1989579.569331,5600396.915548,3778839.307840,-175.823479,-4281.393506,6314.832164
2030-11-14 12:26:01.186285,1971187.291864,5277776.521450,4219467.250516,-337.708369,-4725.997720,5987.051954
2030-11-14 12:27:12.729584,1941291.152504,4924573.462911,4635022.242686,-497.653717,-5143.069145,5624.108560
2030-11-14 12:28:24.240256,1900068.670732,4542765.216374,5023240.726143,-654.694493,-5530.100392,5228.213294
2030-11-14 12:29:35.740949,1847755.320733,4134480.451515,5381990.979540,-807.881114,-5884.762259,4801.785770
2030-11-14 12:30:47.252462,1784644.724943,3701992.522803,5709285.943065,-956.286065,-6204.922100,4347.440739
2030-11-14 12:31:58.795633,1711086.429916,3247699.319012,6003303.438850,-1099.014250,-6488.668089,3867.959710
2030-11-14 12:33:10.389212,1627486.713798,2774125.929996,6262387.077815,-1235.204730,-6734.313207,3366.285938
2030-11-14 12:34:22.048137,1534310.280299,2283926.828690,6485054.086787,-1364.034091,-6940.405264,2845.518844
2030-11-14 12:35:33.787427,1432074.409197,1779848.274133,6670021.320554,-1484.730005,-7105.752535,2308.865999
2030-11-14 12:36:45.614495,1321358.282931,1264768.962425,6816197.799935,-1596.564463,-7229.417437,1759.678270
2030-11-14 12:37:57.531197,1202800.256485,741673.005112,6922713.509114,-1698.865941,-7310.743270,1201.413291
2030-11-14 12:39:09.526176,1077110.044516,213688.884235,6988934.503723,-1791.018250,-7349.369170,637.669460
2030-11-14 12:40:21.537496,945139.134728,-315657.190760,7014500.374825,-1872.434829,-7345.279734,72.449187
2030-11-14 12:41:34.288136,806268.550718,-848577.224069,6999055.210589,-1943.350352,-7298.162135,-496.396539
2030-11-14 12:42:47.148633,662443.595120,-1377309.931442,6942295.637230,-2002.620543,-7208.368058,-1060.397800
2030-11-14 12:44:00.223300,514297.369218,-1899491.441330,6844408.707345,-2050.003537,-7076.469098,-1616.883709
2030-11-14 12:45:13.509115,362694.913704,-2411998.483890,6705837.516974,-2085.228593,-6903.363051,-2162.412764
2030-11-14 12:46:27.017524,208495.528855,-2911855.815962,6527246.524471,-2108.113224,-6690.178089,-2693.744060
2030-11-14 12:47:40.756119,52584.557754,-3396121.422983,6309537.650378,-2118.549712,-6438.288937,-3207.716630
2030-11-14 12:48:54.731653,-104137.573690,-3861925.798961,6053844.132798,-2116.507224,-6149.300894,-3701.292043
2030-11-14 12:50:08.950157,-260760.691197,-4306489.995130,5761525.628306,-2102.031118,-5825.036440,-4171.573309
2030-11-14 12:51:23.415203,-416366.454470,-4727132.919923,5434170.135635,-2075.242432,-5467.529559,-4615.811384
2030-11-14 12:52:38.129908,-570038.029742,-5121301.183553,5073580.077501,-2036.336276,-5079.002834,-5031.434494
2030-11-14 12:53:53.093790,-720859.304754,-5486570.141647,4681779.442717,-1985.581672,-4661.868014,-5416.046026
2030-11-14 12:55:08.304491,-867924.545118,-5820672.825773,4260998.360610,-1923.319354,-4218.702487,-5767.450882
2030-11-14 12:56:23.758362,-1010345.652443,-6121519.980231,3813658.482746,-1849.958617,-3752.227869,-6083.671473
2030-11-14 12:57:39.446739,-1147251.583850,-6387203.499822,3342382.908070,-1765.978235,-3265.314921,-6362.945409
2030-11-14 12:58:55.355845,-1277795.858008,-6616019.988032,2849986.033828,-1671.925056,-2760.967813,-6603.743537
2030-11-14 13:00:11.466218,-1401163.793337,-6806493.085688,2339463.074458,-1568.412484,-2242.309112,-6804.785909
2030-11-14 13:01:27.744335,-1516569.034883,-6957383.213188,1814030.826827,-1456.130369,-1712.617345,-6965.043625
2030-11-14 13:02:44.135021,-1623257.396281,-7067723.775342,1277164.751425,-1335.857552,-1175.359809,-7083.767301
2030-11-14 13:04:00.538528,-1720498.880978,-7136870.690423,732740.310065,-1208.502432,-634.328174,-7160.527101
2030-11-14 13:05:16.731936,-1807539.413017,-7164617.984597,185565.884663,-1075.250059,-94.155313,-7195.313972
2030-11-14 13:06:34.303461,-1885503.558141,-7150660.092900,-372584.494731,-934.003678,453.366025,-7188.161668
2030-11-14 13:07:51.841334,-1952293.297487,-7094456.485131,-928289.158867,-788.034801,995.180841,-7138.580493
2030-11-14 13:09:10.063232,-2008043.230389,-6995502.236691,-1483346.698704,-636.803196,1533.234204,-7046.282489
2030-11-14 13:10:28.402409,-2051892.613691,-6854649.800579,-2030363.272656,-482.225496,2060.568413,-6912.195501
2030-11-14 13:11:46.920838,-2083597.406970,-6672569.534471,-2566485.909380,-325.049797,2574.694150,-6737.081001
2030-11-14 13:13:05.586736,-2102926.324585,-6450324.148507,-3088261.572450,-166.214346,3072.574037,-6522.042602
2030-11-14 13:14:24.380038,-2109736.421672,-6189224.136534,-3592408.035117,-6.638231,3551.361253,-6268.387664
2030-11-14 13:15:43.276732,-2103966.983311,-5890851.793748,-4075730.047122,152.752659,4008.310193,-5977.648411
2030-11-14 13:17:02.250506,-2085642.326318,-5557051.054065,-4535156.412052,311.033963,4440.803244,-5651.571746
2030-11-14 13:18:21.274031,-2054872.568578,-5189912.059511,-4967772.377670,467.290498,4846.372689,-5292.105254
2030-11-14 13:19:40.317348,-2011854.324886,-4791765.391475,-5370834.590356,620.618133,5222.706257,-4901.394050
2030-11-14 13:20:59.347673,-1956871.092878,-4365169.788910,-5741795.337431,770.128715,5567.661812,-4481.772722
2030-11-14 13:22:18.328883,-1890293.316554,-3912899.400594,-6078325.395155,914.954665,5879.281283,-4035.758239
2030-11-14 13:23:37.222072,-1812576.908556,-3437922.525848,-6378341.232294,1054.255825,6155.809392,-3566.035793
2030-11-14 13:24:55.982736,-1724264.371155,-2943397.938711,-6640019.196622,1187.220781,6395.701369,-3075.463268
2030-11-14 13:26:14.557511,-1625987.694075,-2432674.881094,-6861815.440622,1313.069159,6597.637428,-2567.080750
2030-11-14 13:27:32.881237,-1518471.788946,-1909289.725985,-7042495.357172,1431.056872,6760.547628,-2044.118165
2030-11-14 13:28:50.864367,-1402552.908014,-1377025.051150,-7181156.292756,1540.471044,6883.633007,-1510.067034
2030-11-14 13:30:08.377139,-1279207.609311,-839989.745664,-7277285.660697,1640.630531,6966.422524,-968.776631
2030-11-14 13:31:25.180382,-1149678.324193,-303062.006377,-7330844.929734,1730.840421,7008.862723,-424.922958
2030-11-14 13:32:41.077951,-1015223.698564,229244.309440,-7342546.004325,1810.620253,7011.568993,117.115049
2030-11-14 13:34:00.241060,-868937.369654,783037.278711,-7310825.686132,1883.378028,6972.461381,684.334070
2030-11-14 13:35:18.647395,-718802.497232,1326817.835769,-7235175.695903,1944.414868,6891.333094,1244.884466
2030-11-14 13:36:36.856909,-564719.867839,1861250.788786,-7116082.292196,1993.905631,6768.382049,1799.609809
2030-11-14 13:37:54.769048,-407829.297673,2382468.893658,-6954578.903016,2031.484190,6604.378076,2344.643372
2030-11-14 13:39:12.378631,-249100.928502,2887371.668484,-6751880.891237,2056.926691,6400.238246,2876.835521
2030-11-14 13:40:29.669976,-89531.060878,3372913.174043,-6509479.081862,2070.072286,6157.137682,3393.016293
2030-11-14 13:41:46.629175,69888.866873,3836206.034276,-6229109.483035,2070.833428,5876.489049,3890.101993
2030-11-14 13:43:03.246301,228183.771951,4274551.471247,-5912727.130422,2059.196655,5559.927018,4365.127900
2030-11-14 13:44:19.511983,384394.398863,4685433.622454,-5562499.697097,2035.223075,5209.312294,4815.244598
2030-11-14 13:45:35.420312,537589.484013,5066549.349041,-5180776.328544,1999.048219,4826.710326,5237.754410
2030-11-14 13:46:50.966060,686865.864804,5415804.442557,-4770080.185626,1950.882700,4414.392959,5630.113101
2030-11-14 13:48:06.145606,831355.933947,5731329.287756,-4333084.752296,1891.011775,3974.822800,5989.954353
2030-11-14 13:49:20.956728,970232.389667,6011486.397731,-3872594.422780,1819.794598,3510.640586,6315.106868
2030-11-14 13:50:35.398725,1102713.259073,6254877.647984,-3391522.686210,1737.662613,3024.648647,6603.612433
2030-11-14 13:51:49.468498,1228059.743363,6460338.959424,-2892897.487139,1645.122496,2519.820251,6853.729781
2030-11-14 13:53:03.162325,1345584.796946,6626956.661890,-2379831.035333,1542.753265,1999.271417,7063.964256
2030-11-14 13:54:16.467425,1454645.904879,6754061.898395,-1855559.366524,1431.217030,1466.301732,7233.070090
2030-11-14 13:55:29.355357,1554646.017384,6841252.227528,-1323473.643617,1311.271596,924.425481,7360.082361
2030-11-14 13:56:41.753470,1645014.104894,6888425.157230,-787311.841935,1183.824910,377.564809,7444.352009
2030-11-14 13:57:54.251434,1725980.859612,6895776.135899,-245844.372012,1048.595981,-175.383721,7485.883432
2030-11-14 13:59:06.937924,1797061.458297,6862810.290034,298467.244689,906.136424,-731.722096,7483.729840
2030-11-14 14:00:19.308015,1857321.979088,6789847.619941,838661.131259,758.277572,-1284.107057,7437.582410
2030-11-14 14:01:31.747543,1906733.033755,6676942.964741,1374431.975997,605.144448,-1831.965744,7347.294614
2030-11-14 14:02:43.948534,1944786.408920,6525207.377106,1900348.846090,448.335546,-2369.460759,7213.601784
2030-11-14 14:03:55.982137,1971348.220495,6335562.724910,2413874.766387,288.699829,-2893.701097,7037.262500
2030-11-14 14:05:07.866075,1986307.090535,6109199.735790,2912156.885101,127.217097,-3401.469414,6819.361808
2030-11-14 14:06:19.625961,1989614.671637,5847471.587665,3392490.120982,-35.138219,-3889.705312,6561.223871
2030-11-14 14:07:31.286396,1981280.938200,5551906.109598,3852263.666072,-197.384080,-4355.459675,6264.420903
2030-11-14 14:08:42.871534,1961374.460158,5224198.076332,4288976.414854,-358.538523,-4795.919007,5930.763118
2030-11-14 14:09:54.405731,1930021.862693,4866198.729507,4700251.665549,-517.627589,-5208.428274,5562.284246
2030-11-14 14:10:00.000000,1927091.619107,4836974.536833,4731284.122449,-529.956940,-5239.444069,5532.056017
2030-11-14 14:10:00.000000,1927091.619107,4836974.536833,4731284.122449,-529.956940,-5239.444069,5532.056017
2030-11-14 14:11:00.000000,1992506.115040,5208634.179861,4532352.585729,1025.468854,6027.229367,-3467.105678
2030-11-14 14:12:27.328082,2074028.844678,5713609.480678,4211929.261242,842.955339,5537.209922,-3860.855393
2030-11-14 14:13:52.689509,2138653.729417,6165762.553213,3867986.689787,672.484634,5056.643734,-4188.826698
2030-11-14 14:15:22.536548,2191321.813123,6597404.892836,3478155.664787,501.291253,4552.167261,-4480.149149
2030-11-14 14:16:55.528266,2230030.184230,6996577.468964,3049541.496930,332.630788,4033.725734,-4729.900791
2030-11-14 14:18:31.823340,2254000.402977,7359374.584352,2583623.855457,166.646543,3502.429155,-4939.039752
2030-11-14 14:20:11.231458,2262411.649911,7680568.572640,2083886.449237,4.009689,2960.940666,-5107.620988
2030-11-14 14:21:53.577114,2254624.772745,7955418.321482,1554206.561882,-154.758175,2411.447702,-5235.892486
2030-11-14 14:23:37.801489,2230439.251030,8177959.334665,1003570.232735,-307.967407,1860.411475,-5323.559579
2030-11-14 14:25:22.804480,2190354.721201,8344540.428453,441719.335616,-454.210378,1313.899062,-5371.565807
2030-11-14 14:27:05.823149,2136494.408515,8452630.959354,-112492.559118,-590.234909,785.887618,-5382.015261
2030-11-14 14:28:39.035664,2075979.100038,8503882.690465,-613437.834751,-707.267682,314.820167,-5361.858505
2030-11-14 14:30:18.898636,1999341.791758,8510400.807094,-1146568.347176,-826.548921,-183.151961,-5310.296892
2030-11-14 14:32:07.172412,1903155.959562,8461675.404171,-1716980.305580,-948.989412,-715.635008,-5220.329590
2030-11-14 14:33:54.049826,1795577.821806,8357423.979977,-2268641.887596,-1062.998582,-1234.065020,-5097.273350
2030-11-14 14:35:40.638861,1676511.803217,8198633.932586,-2803910.709707,-1170.001818,-1744.308138,-4940.659266
2030-11-14 14:37:26.330709,1547536.757656,7987824.177975,-3316400.067788,-1269.477138,-2243.762298,-4751.447594
2030-11-14 14:39:10.774826,1410101.145144,7727976.505555,-3801414.382348,-1361.163960,-2731.007367,-4530.327743
2030-11-14 14:40:53.590051,1265797.539195,7422798.311374,-4254535.913394,-1444.753974,-3204.367883,-4278.106749
2030-11-14 14:42:34.417864,1116277.291342,7076575.115201,-4671950.054921,-1519.941961,-3662.135009,-3995.670381
2030-11-14 14:44:12.922992,963221.773330,6694085.944261,-5050494.441875,-1586.426339,-4102.545163,-3684.023959
2030-11-14 14:45:48.802076,808300.820042,6280479.551777,-5387727.253824,-1643.918500,-4523.805446,-3344.311965
2030-11-14 14:47:21.783755,653143.660114,5841170.076521,-5681944.210662,-1692.148461,-4924.091511,-2977.860296
2030-11-14 14:48:51.635269,499300.139541,5381698.107199,-5932201.629340,-1730.876931,-5301.586132,-2586.191644
2030-11-14 14:50:18.154455,348228.137998,4907660.359671,-6138280.176535,-1759.902953,-5654.468639,-2171.096095
2030-11-14 14:51:41.163157,201282.222357,4424649.500568,-6300657.810898,-1779.079294,-5980.929994,-1734.709970
2030-11-14 14:53:00.489301,59724.931422,3938277.579295,-6420473.735645,-1788.334387,-6279.168592,-1279.672976
2030-11-14 14:54:00.657901,-47916.874100,3553940.110998,-6486400.933334,-1788.643167,-6494.447112,-907.739336
2030-11-14 14:55:00.000000,-153911.354558,3162516.350568,-6528786.364731,-1782.560052,-6695.667104,-516.621397
2030-11-14 14:55:00.000000,-153911.354558,3162516.350568,-6528786.364731,-1782.560052,-6695.667104,-516.621397
2030-11-14 14:56:00.000000,-29699.824846,3535872.501613,-6324041.658112,2072.417539,6115.863177,3612.917712
2030-11-14 14:57:18.025041,131923.536672,4001299.656778,-6022260.641374,2068.235072,5807.678237,4118.974459
2030-11-14 14:58:32.824762,286086.729479,4423506.471391,-5696692.550766,2051.748622,5475.435753,4582.263109
2030-11-14 14:59:47.741268,438794.369774,4820158.651174,-5336779.502353,2022.942657,5108.121868,5021.781673
2030-11-14 15:01:02.298826,588172.173375,5186362.284754,-4946899.703422,1982.082710,4710.004749,5431.940681
2030-11-14 15:02:16.566677,733494.064351,5520493.346645,-4529224.309652,1929.388048,4283.133354,5810.684281
2030-11-14 15:03:30.534536,873903.651038,5820718.034971,-4086455.262003,1865.183453,3830.137069,6155.674731
2030-11-14 15:04:44.206624,1008609.717659,6085490.330411,-3621346.729260,1789.858494,3353.741247,6464.853412
2030-11-14 15:05:57.584627,1136857.077594,6313478.879934,-3136778.217345,1703.876402,2856.844575,6736.367622
2030-11-14 15:07:10.669323,1257934.714510,6503584.243115,-2635728.530714,1607.771832,2342.493730,6968.599230
2030-11-14 15:08:23.457105,1371175.371958,6654940.902677,-2121281.979206,1502.153989,1813.889596,7160.175463
2030-11-14 15:09:35.935372,1475955.743607,6766927.516287,-1596644.738778,1387.713234,1274.402486,7309.987956
2030-11-14 15:10:48.067076,1571686.486360,6839183.046439,-1065241.185517,1265.248360,727.668135,7417.213644
2030-11-14 15:11:59.762187,1657799.853751,6871669.843692,-530907.864385,1135.725442,177.782523,7481.381231
2030-11-14 15:13:12.156915,1735068.646976,6864336.548875,11736.432195,997.796823,-380.613390,7502.527625
2030-11-14 15:14:24.241803,1801852.198284,6816859.336883,551992.057133,854.136261,-936.300735,7479.557394
2030-11-14 15:15:36.198783,1857988.211565,6729632.317188,1088055.206475,705.299601,-1487.195471,7412.673872
2030-11-14 15:16:48.247830,1903297.042606,6602819.148610,1618402.208467,551.745384,-2031.484117,7301.881833
2030-11-14 15:18:00.152964,1937350.886924,6437527.772246,2138172.299847,394.929417,-2563.921473,7148.085484
2030-11-14 15:19:11.972926,1960009.905584,6234703.066247,2644762.362292,235.718557,-3081.586167,6952.175018
2030-11-14 15:20:23.723719,1971166.496089,5995554.619562,3135332.309780,75.084627,-3581.325560,6715.361508
2030-11-14 15:21:35.427387,1970775.265882,5721461.660032,3607175.373361,-86.005974,-4060.143179,6439.090565
2030-11-14 15:22:47.104493,1958850.040344,5413985.245150,4057676.552988,-246.582121,-4515.163241,6125.050507
2030-11-14 15:23:58.775239,1935464.331398,5074858.470903,4484332.863195,-405.676782,-4943.657701,5775.158576
2030-11-14 15:25:10.458795,1900751.482780,4705982.357731,4884761.529698,-562.331870,-5343.060184,5391.551786
2030-11-14 15:26:22.172097,1854905.552720,4309425.473076,5256706.774491,-715.602046,-5710.977702,4976.580974
2030-11-14 15:27:33.933719,1798178.584440,3887394.243266,5598072.555038,-864.569298,-6045.226901,4532.773466
2030-11-14 15:28:45.757504,1730884.444381,3442259.541791,5906902.938951,-1008.335656,-6343.817444,4062.854196
2030-11-14 15:29:57.656868,1653395.593456,2976523.260755,6181417.885007,-1146.038633,-6604.989021,3569.703706
2030-11-14 15:31:09.642247,1566144.521386,2492822.716779,6420015.517205,-1276.852288,-6827.214209,3056.355704
2030-11-14 15:32:21.719013,1469626.114691,1993933.990195,6621282.650989,-1399.990306,-7009.208858,2525.993773
2030-11-14 15:33:33.891234,1364391.978078,1482733.004890,6784023.249538,-1514.719448,-7149.957755,1981.903344
2030-11-14 15:34:46.151161,1251064.557635,962254.405529,6907253.470868,-1620.350148,-7248.709926,1427.528037
2030-11-14 15:35:58.476000,1130344.347701,435699.786662,6990236.935357,-1716.244492,-7305.012145,866.472713
2030-11-14 15:37:10.799216,1003062.556505,-93375.078062,7032522.134247,-1801.799246,-7318.753774,302.697612
2030-11-14 15:38:24.005205,868323.098907,-628347.573678,7033804.687596,-1877.434761,-7289.603420,-267.249277
2030-11-14 15:39:37.267828,728351.689631,-1160025.470159,6993448.452847,-1941.724173,-7217.621870,-833.454193
2030-11-14 15:40:50.732830,583693.469420,-1686323.267249,6911585.939621,-1994.450066,-7103.275098,-1393.608068
2030-11-14 15:42:04.384998,435219.204228,-2204002.641188,6788589.778922,-2035.302057,-6947.349961,-1944.207860
2030-11-14 15:43:18.230867,283783.204658,-2710023.631280,6625063.801003,-2064.063283,-6750.862107,-2481.996998
2030-11-14 15:44:32.273002,130267.684404,-3201377.011141,6421857.292816,-2080.589042,-6515.074263,-3003.787075
2030-11-14 15:45:46.512781,-24427.716825,-3675123.309372,6180060.593341,-2084.809550,-6241.483609,-3506.498755
2030-11-14 15:47:00.950486,-179391.446946,-4128412.322177,5901000.978763,-2076.729970,-5931.810789,-3987.181093
2030-11-14 15:48:15.585072,-333705.067160,-4558500.424496,5586238.078680,-2056.429977,-5587.988880,-4443.027744
2030-11-14 15:49:30.414763,-486450.173945,-4962772.434919,5237554.150814,-2024.062644,-5212.147269,-4871.397261
2030-11-14 15:50:45.435427,-636710.897221,-5338750.886528,4856952.915039,-1979.853766,-4806.605386,-5269.819377
2030-11-14 15:52:00.640759,-783580.431186,-5684116.622405,4446650.302656,-1924.100737,-4373.858102,-5636.012643
2030-11-14 15:53:16.021897,-926166.687667,-5996726.354771,4009065.966587,-1857.171273,-3916.562674,-5967.898272
2030-11-14 15:54:31.567276,-1063598.692614,-6274631.463162,3546811.829165,-1779.501648,-3437.523317,-6263.614772
2030-11-14 15:55:47.262361,-1195032.981220,-6516096.037134,3062679.326029,-1691.594623,-2939.675275,-6521.531347
2030-11-14 15:57:03.082759,-1319649.695544,-6719598.646192,2559669.148446,-1594.025891,-2426.113001,-6740.243387
2030-11-14 15:58:18.998225,-1436669.300210,-6883875.178915,2040950.547732,-1487.438679,-1900.046325,-6918.611291
2030-11-14 15:59:34.958174,-1545341.951865,-7007922.887756,1509941.143832,-1372.563218,-1364.879884,-7055.756787
2030-11-14 16:00:50.872486,-1644941.674903,-7091045.383020,970424.535630,-1250.251140,-824.328049,-7151.100320
2030-11-14 16:02:06.565480,-1734746.567884,-7132950.101589,426854.388398,-1121.563045,-282.712441,-7204.447808
2030-11-14 16:03:23.499007,-1815803.004891,-7133527.049231,-128129.035596,-984.658576,267.391783,-7216.006412
2030-11-14 16:04:40.337834,-1886036.186436,-7091973.413502,-681673.913520,-842.586077,813.356441,-7184.861862
2030-11-14 16:05:57.420226,-1945343.717679,-7008368.790239,-1232932.570882,-695.537349,1354.532686,-7111.209850
2030-11-14 16:07:14.976175,-1993426.590175,-6882502.506088,-1780210.241190,-543.866193,1889.433769,-6994.909068
2030-11-14 16:08:32.576842,-2029647.273841,-6715512.426615,-2317160.258794,-389.244164,2412.057553,-6837.057718
2030-11-14 16:09:50.265079,-2053806.765912,-6508292.064259,-2840866.364014,-232.457479,2919.792337,-6638.539936
2030-11-14 16:11:08.014513,-2065741.513771,-6262109.615456,-3348008.421480,-74.436230,3409.648013,-6400.574073
2030-11-14 16:12:25.806749,-2065371.976855,-5978472.760157,-3835429.197695,83.901745,3878.803084,-6124.586679
2030-11-14 16:13:43.621097,-2052699.195595,-5659142.712974,-4300086.638395,241.635453,4324.551352,-5812.226084
2030-11-14 16:15:01.435703,-2027805.938704,-5306121.131976,-4739084.439046,397.848117,4744.324759,-5465.351233
2030-11-14 16:16:19.226046,-1990857.636926,-4921645.444962,-5149686.608133,551.629367,5135.700994,-5086.029779
2030-11-14 16:17:36.966752,-1942101.722858,-4508167.208782,-5529350.399422,702.084206,5496.428980,-4676.520533
2030-11-14 16:18:54.630226,-1881867.345454,-4068342.744645,-5875740.606010,848.335713,5824.437026,-4239.268947
2030-11-14 16:20:12.186459,-1810564.423066,-3605017.179006,-6186750.702754,989.530381,6117.848228,-3776.897052
2030-11-14 16:21:29.599337,-1728686.004348,-3121228.605757,-6460511.929374,1124.837742,6374.985391,-3292.214464
2030-11-14 16:22:46.831233,-1636802.262168,-2620159.980100,-6695435.235938,1253.465537,6594.407924,-2788.177958
2030-11-14 16:24:03.830655,-1535573.168966,-2105196.262009,-6890199.630329,1374.647040,6774.899734,-2267.957500
2030-11-14 16:25:20.533434,-1425748.562766,-1579896.413576,-7043801.070460,1487.655356,6915.515641,-1734.918242
2030-11-14 16:26:36.846056,-1308193.456081,-1048080.857214,-7155575.169093,1591.794948,7015.605806,-1192.720827
2030-11-14 16:27:52.607641,-1183956.317450,-514067.643858,-7225258.006092,1686.380713,7074.881231,-645.578224
2030-11-14 16:29:07.483282,-1054473.016314,16618.241276,-7253160.932019,1770.675014,7093.600210,-99.010314
2030-11-14 16:30:25.118036,-913941.607728,566719.201495,-7238741.663393,1847.869930,7070.707028,470.722923
2030-11-14 16:31:42.067982,-769148.591458,1108565.042055,-7180786.864320,1913.603139,7005.261079,1035.279326
2030-11-14 16:32:58.840082,-620076.076665,1642508.425553,-7079783.687380,1968.005979,6897.507845,1595.128451
2030-11-14 16:34:15.347935,-467800.827099,2164773.510425,-6936602.612873,2010.685484,6748.118112,2146.403991
2030-11-14 16:35:31.590671,-313254.103721,2672278.869848,-6752315.579740,2041.389505,6557.940383,2685.899743
2030-11-14 16:36:47.557600,-157394.803168,3161987.269828,-6528261.283976,2059.928574,6328.083564,3210.390179
2030-11-14 16:38:03.240332,-1179.449633,3631008.807013,-6266017.306490,2066.186440,6059.896420,3716.738413
2030-11-14 16:39:18.632794,154444.338893,4076617.254388,-5967383.451276,2060.120724,5754.959306,4201.915089
2030-11-14 16:40:33.730531,308542.572814,4496260.509049,-5634367.325145,2041.763378,5415.077909,4663.012433
2030-11-14 16:41:48.530045,460199.449130,4887570.826408,-5269170.667973,2011.221366,5042.277226,5097.259444
2030-11-14 16:43:03.031840,608529.041587,5248392.035721,-4874156.048896,1968.675093,4638.774753,5502.057533
2030-11-14 16:44:17.234079,752667.831550,5576757.950842,-4451860.782639,1914.380996,4207.000927,5874.963058
2030-11-14 16:45:31.139733,891793.878892,5870935.968794,-4004940.560386,1848.666558,3749.546628,6213.743895
2030-11-14 16:46:44.749935,1025118.530203,6129404.608087,-3536187.496968,1771.933439,3269.185433,6516.362566
2030-11-14 16:47:58.066186,1151895.557379,6350872.569972,-3048500.239196,1684.654833,2768.845496,6781.006732
2030-11-14 16:49:11.088771,1271423.056784,6534281.514870,-2544875.637119,1587.375354,2251.602012,7006.101534
2030-11-14 16:50:23.814389,1383044.874016,6678810.851387,-2028407.138134,1480.712570,1720.675107,7190.323821
2030-11-14 16:51:36.227119,1486144.395890,6783880.815947,-1502332.592063,1365.370263,1179.477105,7332.611714
2030-11-14 16:52:48.288341,1580143.740505,6849183.037031,-970092.420133,1242.158223,631.669009,7432.203141
2030-11-14 16:53:59.881109,1664461.011582,6874739.064968,-435723.682041,1112.100296,81.560992,7488.686655
2030-11-14 16:55:12.246597,1739969.069657,6860435.200248,106949.810482,973.647307,-477.020382,7502.078239
2030-11-14 16:56:24.293411,1804963.855324,6806051.483839,646608.920491,829.635355,-1032.210328,7471.372118
2030-11-14 16:57:36.448221,1859460.695030,6711635.695890,1183268.200249,680.109290,-1583.789010,7396.496713
2030-11-14 16:58:48.437796,1902917.724424,6578038.505003,1711735.375984,526.556233,-2126.169534,7278.022584
2030-11-14 17:00:00.325431,1935154.249379,6406056.041287,2229390.158748,369.816420,-2656.408254,7116.641362
2030-11-14 17:01:12.126937,1956011.997100,6196739.772953,2733326.094558,210.847366,-3171.272905,6913.353086
2030-11-14 17:02:23.864969,1965395.468520,5951316.136223,3220766.051063,50.604894,-3667.677341,6669.399460
2030-11-14 17:03:35.560421,1963267.648689,5671198.590855,3689012.087416,-109.944578,-4142.637606,6386.272386
2030-11-14 17:04:47.233865,1949650.977037,5357978.231267,4135468.377789,-269.833472,-4593.302359,6065.701635
2030-11-14 17:05:58.905167,1924627.471606,5013418.616210,4557651.055829,-428.098515,-5016.969170,5709.645380
2030-11-14 17:07:10.592992,1888339.020664,4639451.289869,4953198.013465,-583.786007,-5411.099939,5320.280543
2030-11-14 17:08:22.314820,1840987.474967,4238168.532239,5319882.104897,-735.958243,-5773.338777,4899.989505
2030-11-14 17:09:34.088872,1782832.719771,3811803.255620,5655632.636230,-883.703720,-6101.536779,4451.332594
2030-11-14 17:10:45.927785,1714197.231314,3362757.135131,5958518.219395,-1026.130260,-6393.737883,3977.070898
2030-11-14 17:11:57.845298,1635460.502513,2893551.827452,6226792.657693,-1162.385156,-6648.225391,3480.107993
2030-11-14 17:13:09.850269,1547063.852718,2406854.874788,6458883.368938,-1291.649532,-6863.511311,2963.510207
2030-11-14 17:14:21.949878,1449506.466123,1905447.451398,6653419.839883,-1413.151059,-7038.363273,2430.465602
2030-11-14 17:15:34.144663,1343350.872641,1392244.811779,6809236.053994,-1526.162137,-7171.806140,1884.299063
2030-11-14 17:16:46.423960,1229230.364915,870315.202024,6925388.861796,-1630.002176,-7263.139251,1328.486304
2030-11-14 17:17:58.760020,1107860.043297,342905.391273,7001189.849744,-1724.042151,-7311.967128,766.675360
2030-11-14 17:19:11.077017,980094.192599,-186356.985238,7036250.553707,-1807.687425,-7318.253032,202.896799
2030-11-14 17:20:23.884027,845745.343807,-718113.639293,7030389.597140,-1881.007250,-7281.952601,-363.392732
2030-11-14 17:21:37.249951,705380.659448,-1249713.587304,6982931.713098,-1943.487321,-7202.715665,-929.255096
2030-11-14 17:22:50.747587,560597.789487,-1774888.208786,6894042.398308,-1994.331007,-7081.281719,-1487.933638
2030-11-14 17:24:04.443819,412112.505497,-2290998.972467,6764090.052464,-2033.311756,-6918.399757,-2036.571932
2030-11-14 17:25:18.333387,260802.720579,-2794928.885643,6593732.389334,-2060.215841,-6715.144927,-2571.839676
2030-11-14 17:26:32.420269,107547.515629,-3283689.112590,6383856.746672,-2074.910728,-6472.816502,-3090.578375
2030-11-14 17:27:46.705055,-46752.941363,-3754348.607588,6135595.528660,-2077.337576,-6192.951930,-3589.725712
2030-11-14 17:29:01.187199,-201187.289719,-4204069.147871,5850318.604489,-2067.512549,-5877.311409,-4066.351205
2030-11-14 17:30:15.866587,-354841.781937,-4630132.877194,5529620.263290,-2045.525657,-5527.857751,-4517.683081
2030-11-14 17:31:30.740165,-506798.968962,-5029940.413242,5175324.918856,-2011.540270,-5146.757380,-4941.103250
2030-11-14 17:32:45.803377,-656146.628235,-5401038.886665,4789474.066407,-1965.792052,-4736.361017,-5334.173330
2030-11-14 17:34:01.049566,-801982.665832,-5741137.469069,4374319.312547,-1908.587737,-4299.191812,-5694.646789
2030-11-14 17:35:16.470247,-943421.975947,-6048127.237132,3932309.433434,-1840.303091,-3837.927834,-6020.485113
2030-11-14 17:36:32.053373,-1079599.736200,-6320092.721431,3466087.567051,-1761.382355,-3355.395906,-6309.864671
2030-11-14 17:37:47.781538,-1209675.559087,-6555327.473787,2978489.444141,-1672.338608,-2854.566901,-6561.187322
2030-11-14 17:39:03.631396,-1332840.809662,-6752357.140855,2472532.807725,-1573.753083,-2338.542530,-6773.098552
2030-11-14 17:40:19.567236,-1448318.059383,-6909952.840039,1951444.088534,-1466.282561,-1810.580669,-6944.494618
2030-11-14 17:41:35.534570,-1555365.271720,-7027163.769896,1418685.708998,-1350.669630,-1274.120837,-7074.549188
2030-11-14 17:42:51.435540,-1653263.161850,-7103355.664707,878108.870643,-1227.784794,-732.934788,-7162.743232
2030-11-14 17:44:07.066196,-1741280.738716,-7138318.991098,334376.009765,-1098.744275,-191.541037,-7208.960284
2030-11-14 17:45:24.034707,-1820601.696881,-7131876.654068,-220931.333205,-961.445175,358.536531,-7213.355599
2030-11-14 17:46:40.890828,-1889056.813996,-7083330.557779,-774123.440021,-819.139828,903.848100,-7175.101826
2030-11-14 17:47:58.247404,-1946737.693467,-6992400.282397,-1326303.414459,-671.490876,1445.660295,-7094.064147
2030-11-14 17:49:15.790354,-1992949.920062,-6859558.848829,-1871885.270975,-519.894942,1978.673975,-6970.710312
2030-11-14 17:50:33.415400,-2027325.552426,-6685668.054555,-2406854.354725,-365.406286,2499.181618,-6805.898847
2030-11-14 17:51:51.118479,-2049647.488244,-6471738.429245,-2927975.330768,-208.900968,3004.261752,-6600.618784
2030-11-14 17:53:08.879190,-2059767.529913,-6219070.869208,-3431986.468382,-51.294920,3490.982236,-6356.115400
2030-11-14 17:54:26.678949,-2057618.035064,-5929215.969918,-3915749.620320,106.496662,3956.539843,-6073.851634
2030-11-14 17:55:44.495944,-2043212.098742,-5603980.539239,-4376240.358483,263.554221,4398.243971,-5755.515003
2030-11-14 17:57:02.308258,-2016644.478273,-5245406.438528,-4810590.796858,418.965265,4813.551296,-5402.998771
2030-11-14 17:58:20.091904,-1978091.903546,-4855765.774256,-5216100.073177,571.825559,5200.069441,-5018.400028
2030-11-14 17:59:37.819763,-1927813.912143,-4437553.717862,-5590252.509931,721.242455,5555.568513,-4604.016627
2030-11-14 18:00:55.464274,-1866150.663614,-3993458.945796,-5930753.527305,866.345661,5878.009998,-4162.322938
2030-11-14 18:02:12.995387,-1793522.436682,-3526355.651489,-6235540.001911,1006.288849,6165.552012,-3695.967771
2030-11-14 18:03:30.376845,-1710432.032463,-3039307.862271,-6502789.409122,1140.249298,6416.554475,-3207.785674
2030-11-14 18:04:47.566958,-1617463.485223,-2535546.193657,-6730951.019721,1267.436901,6629.606227,-2700.781696
2030-11-14 18:06:04.514749,-1515285.337951,-2018470.587856,-6918763.740974,1387.096424,6803.540837,-2178.142986
2030-11-14 18:07:21.151001,-1404662.839818,-1491687.413483,-7065276.114650,1498.505509,6937.456357,-1643.286473
2030-11-14 18:08:37.375451,-1286479.907581,-959072.185718,-7169889.296454,1600.974605,7030.759293,-1099.934877
2030-11-14 18:09:53.011644,-1161819.744019,-425053.878771,-7232421.679639,1693.819905,7083.234943,-552.423610
2030-11-14 18:11:07.667403,-1032230.042008,104446.828953,-7253316.303957,1776.274390,7095.269726,-6.694310
2030-11-14 18:12:25.273067,-891382.983067,654203.969455,-7231732.221069,1851.756635,7065.483585,563.105090
2030-11-14 18:13:42.173005,-746452.091275,1195033.558190,-7166731.121841,1915.746263,6993.216641,1127.048332
2030-11-14 18:14:58.895009,-597379.687579,1727444.690549,-7058793.418158,1968.393833,6878.702093,1685.760242
2030-11-14 18:16:15.350092,-445246.986348,2247656.821645,-6908842.612364,2009.315846,6722.660099,2235.358937
2030-11-14 18:17:31.538079,-290982.280066,2752609.476894,-6717991.340788,2038.270581,6525.977692,2772.649498
2030-11-14 18:18:47.448484,-135541.507057,3239286.307688,-6487618.665255,2055.078980,6289.803618,3294.417416
2030-11-14 18:20:03.073395,20123.232424,3704822.896227,-6219339.259766,2059.635239,6015.524824,3797.541866
2030-11-14 18:21:18.407433,175070.039586,4146522.125594,-5914986.103964,2051.907194,5704.757508,4279.013891
2030-11-14 18:22:33.445644,328368.990992,4561856.431742,-5576602.124747,2031.937049,5359.346969,4735.941754
2030-11-14 18:23:48.186240,479113.559476,4948496.791562,-5206411.567989,1999.841247,4981.346192,5165.586966
2030-11-14 18:25:02.626969,626418.787156,5304304.765373,-4806818.795960,1955.811454,4573.021656,5565.361184
2030-11-14 18:26:16.771053,769438.218456,5627371.106127,-4380358.344543,1900.110578,4136.808342,5932.876298
2030-11-14 18:27:30.617938,907350.585924,5915981.117516,-3929726.698808,1833.077556,3675.347079,6265.913220
2030-11-14 18:28:44.170577,1039378.798748,6168656.441099,-3457723.692486,1755.121361,3191.428205,6562.477647
2030-11-14 18:29:57.430162,1164784.568083,6384140.960423,-2967265.089734,1666.723723,2688.006615,6820.792995
2030-11-14 18:31:10.396042,1282873.508759,6561411.929908,-2461366.603252,1568.438373,2168.186157,7039.322084
2030-11-14 18:32:23.063880,1392997.701263,6699687.305410,-1943138.810041,1460.892038,1635.213692,7216.784293
2030-11-14 18:33:35.414420,1494546.803847,6798427.314191,-1415850.740298,1344.801286,1092.542338,7352.162630
2030-11-14 18:34:47.402968,1586948.383033,6857371.743539,-882991.536660,1220.994115,543.891301,7444.749346
2030-11-14 18:35:58.890646,1669614.015636,6876610.621375,-348761.545466,1090.543652,-6.253988,7494.204894
2030-11-14 18:37:11.228865,1743518.868838,6855953.182456,193850.533620,951.688361,-564.923787,7500.509719
2030-11-14 18:38:23.242383,1806892.472449,6795279.715276,732892.915850,807.427830,-1119.594066,7462.742998
2030-11-14 18:39:35.369310,1859761.424313,6694631.822203,1268468.499623,657.785386,-1670.132836,7380.838134
2030-11-14 18:40:47.335033,1901597.372935,6554918.068941,1795383.773467,504.253115,-2210.949133,7255.437866
2030-11-14 18:41:59.203139,1932227.033521,6376960.783720,2311030.014140,347.670486,-2739.110371,7087.271483
2030-11-14 18:43:10.989246,1951500.192239,6161841.974071,2812511.316443,188.994504,-3251.395676,6877.381393
2030-11-14 18:44:22.716700,1959329.242180,5910814.249325,3297068.892121,29.177619,-3744.739633,6627.046954
2030-11-14 18:45:34.405305,1955684.696737,5625322.597908,3762012.984884,-130.814056,-4216.169996,6337.802526
2030-11-14 18:46:46.076073,1940596.558254,5306983.476700,4204768.233282,-290.017535,-4662.860848,6011.413460
2030-11-14 18:47:57.749041,1914154.007312,4957585.209286,4622870.933312,-447.474387,-5082.135921,5649.871906
2030-11-14 18:49:09.442246,1876506.207269,4579086.966740,5013976.387456,-602.234842,-5471.481461,5255.390666
2030-11-14 18:50:21.173550,1827861.612041,4173602.345973,5375882.408917,-753.368116,-5828.574230,4830.380259
2030-11-14 18:51:32.959157,1768488.277385,3743398.190321,5706533.552839,-899.965423,-6151.289050,4377.441127
2030-11-14 18:52:44.813372,1698713.870528,3290887.344222,6004033.683325,-1041.145770,-6437.713649,3899.349228
2030-11-14 18:53:56.747532,1618926.456527,2818625.898812,6266656.162564,-1176.060242,-6686.160130,3399.046165
2030-11-14 18:55:08.771606,1529572.189917,2329291.882585,6492864.629101,-1303.901394,-6895.185376,2879.609618
2030-11-14 18:56:20.892061,1431156.563722,1825686.459338,6681319.569810,-1423.905470,-7063.596723,2344.247704
2030-11-14 18:57:33.104955,1324253.994996,1310769.995106,6830882.296518,-1535.348742,-7190.455938,1796.330845
2030-11-14 18:58:45.403323,1209497.495053,787595.124604,6940658.925698,-1637.568464,-7275.118129,1239.314475
2030-11-14 18:59:57.750657,1087621.120940,259479.310921,7009995.811689,-1729.937155,-7317.232598,676.917066
2030-11-14 19:01:10.056280,959511.253586,-269838.449522,7038562.846306,-1811.861652,-7316.833268,113.281773
2030-11-14 19:02:22.115894,826328.843984,-795812.332700,7026531.900039,-1882.774184,-7274.538770,-446.618897
2030-11-14 19:03:35.632396,685601.441076,-1327724.493939,6972852.114457,-1943.744452,-7188.934313,-1012.555849
2030-11-14 19:04:49.151355,540817.353852,-1851811.830922,6877862.417809,-1992.966655,-7061.364682,-1569.802726
2030-11-14 19:06:02.888787,392408.688019,-2366518.984507,6741863.179144,-2030.349438,-6892.447624,-2116.662751
2030-11-14 19:07:16.817654,241295.986669,-2868580.376945,6565575.114715,-2055.674225,-6683.331065,-2649.655129
2030-11-14 19:08:30.944250,88352.952118,-3355033.166978,6349917.469499,-2068.819649,-6435.344162,-3165.656435
2030-11-14 19:09:45.269417,-65522.242779,-3822960.166382,6096056.560854,-2069.736306,-6150.056067,-3661.626339
2030-11-14 19:10:59.029893,-217850.323185,-4265090.389347,5808547.398469,-2058.626053,-5832.709247,-4129.947287
2030-11-14 19:12:13.860444,-371101.066440,-4688487.398557,5482552.991113,-2035.312938,-5478.170836,-4578.213335
2030-11-14 19:13:28.755254,-522290.032505,-5084528.403865,5123779.211561,-2000.100154,-5092.891260,-4997.431218
2030-11-14 19:14:43.857792,-670812.545201,-5451625.560063,4733659.890277,-1953.187351,-4678.551106,-5386.083457
2030-11-14 19:15:59.139616,-815727.374527,-5787396.257902,4314576.894340,-1894.897762,-4237.805231,-5741.830564
2030-11-14 19:17:14.595064,-956160.562477,-6089772.222265,3868989.741431,-1825.611574,-3773.334631,-6062.680365
2030-11-14 19:18:30.209366,-1091248.633656,-6356857.248503,3399581.420435,-1745.781357,-3287.999237,-6346.831910
2030-11-14 19:19:45.967031,-1220161.780689,-6586984.412923,2909197.235175,-1655.923411,-2784.771346,-6592.730205
2030-11-14 19:21:01.841543,-1342093.976955,-6778705.371071,2400894.232514,-1556.627377,-2266.784580,-6799.048331
2030-11-14 19:22:17.794701,-1456273.412110,-6930827.167863,1877932.568747,-1448.558066,-1737.322606,-6964.719366
2030-11-14 19:23:33.766454,-1561961.599058,-7042439.004240,1343827.398345,-1332.470978,-1199.869620,-7088.956484
2030-11-14 19:24:49.655212,-1658449.115729,-7112963.800288,802466.324465,-1209.247357,-658.225237,-7171.296849
2030-11-14 19:26:05.225063,-1744988.899925,-7142262.006824,258744.891748,-1080.063148,-117.130982,-7211.688146
2030-11-14 19:27:22.227231,-1822897.574950,-7130085.657976,-296789.886051,-942.560932,432.915952,-7210.229818
2030-11-14 19:28:39.096347,-1889909.620662,-7075833.736504,-849611.860322,-800.194164,977.643809,-7166.174314
2030-11-14 19:29:56.608718,-1946228.534127,-6978997.438146,-1401981.275764,-652.312290,1519.456188,-7079.174403
2030-11-14 19:31:14.151735,-1990959.407465,-6840489.010880,-1946186.178634,-500.882713,2050.973776,-6950.095238
2030-11-14 19:32:31.795625,-2023875.575730,-6661008.179652,-2479464.914573,-346.626644,2569.721638,-6779.650609
2030-11-14 19:33:49.510803,-2044754.349139,-6441645.765137,-2998413.536363,-190.467885,3072.615054,-6568.901383
2030-11-14 19:35:07.281050,-2053458.948398,-6183729.033364,-3499813.084158,-33.311503,3556.763956,-6319.114202
2030-11-14 19:36:25.086002,-2049931.032246,-5888849.230791,-3980531.234353,123.926815,4019.370194,-6031.786999
2030-11-14 19:37:42.904478,-2034193.222113,-5558844.873829,-4437568.330982,280.332428,4457.765458,-5708.633782
2030-11-14 19:39:00.713171,-2006349.944820,-5195796.314053,-4868072.561993,434.994237,4869.419312,-5351.581280
2030-11-14 19:40:18.489273,-1966586.561458,-4802000.735903,-5269376.872854,587.015066,5251.968272,-4962.747379
2030-11-14 19:41:36.206307,-1915170.477012,-4379977.248129,-5638997.945209,735.508642,5603.208997,-4544.450185
2030-11-14 19:42:53.834534,-1852451.280705,-3932451.683767,-5974663.264814,879.606179,5921.119016,-4099.198258
2030-11-14 19:44:11.343376,-1778857.648559,-3462324.986765,-6274344.059135,1018.466752,6203.883595,-3629.665320
2030-11-14 19:45:28.696716,-1694899.626366,-2972680.926519,-6536257.831514,1151.274902,6449.894729,-3138.704944
2030-11-14 19:46:45.852562,-1601168.195073,-2466769.002990,-6758894.715437,1277.247608,6657.773865,-2629.341523
2030-11-14 19:48:02.756622,-1498342.347071,-1948024.974497,-6941030.981179,1395.632958,6826.383986,-2104.800024
2030-11-14 19:49:19.338955,-1387194.414172,-1420070.513672,-7081766.279128,1505.717680,6954.865725,-1568.516080
2030-11-14 19:50:35.488611,-1268630.503309,-886861.469722,-7180547.527613,1606.810110,7042.664393,-1024.299207
2030-11-14 19:51:51.013755,-1143766.561637,-352936.195329,-7237266.188230,1698.225997,7089.631765,-476.604684
2030-11-14 19:53:05.470865,-1014249.851618,175430.333816,-7252490.063759,1779.173486,7096.276046,68.248033
2030-11-14 19:54:23.053537,-873272.881204,724886.469523,-7225094.927457,1853.279150,7060.911845,638.059300
2030-11-14 19:55:39.910297,-728359.896153,1264848.962064,-7154388.469703,1915.874391,6983.130569,1201.440474
2030-11-14 19:56:56.589507,-579414.256392,1795979.891785,-7040841.614599,1967.128203,6863.151291,1759.169292
2030-11-14 19:58:12.999539,-427520.910591,2314491.399031,-6885421.557088,2006.664202,6701.735026,2307.347495
2030-11-14 19:59:29.140958,-273604.650153,2817341.438400,-6689273.301607,2034.248969,6499.799571,2842.790778
2030-11-14 20:00:45.003445,-118618.284401,3301530.760795,-6453808.271491,2049.711569,6258.525817,3362.293731
2030-11-14 20:02:00.579297,36489.992377,3764214.663328,-6180671.487204,2052.954298,5979.332212,3862.747543
2030-11-14 20:03:15.863845,190783.861690,4202720.705361,-5871721.984499,2043.952912,5663.863461,4341.161020
2030-11-14 20:04:30.852561,343338.972441,4614545.756720,-5529027.079649,2022.757219,5313.992983,4794.660547
2030-11-14 20:05:45.543021,493252.746338,4997381.249940,-5154838.200701,1989.491488,4931.805936,5220.522089
2030-11-14 20:06:59.934941,639649.859078,5349123.823177,-4751571.399179,1944.353787,4519.586215,5616.188968
2030-11-14 20:08:14.028477,781684.011567,5667876.794289,-4321797.639729,1887.616214,4079.812407,5979.280494
2030-11-14 20:09:27.827053,918548.146301,5951970.670473,-3868207.673537,1819.621641,3615.126535,6307.623193
2030-11-14 20:10:41.331301,1049467.653102,6199946.199356,-3393629.605484,1740.787450,3128.355431,6599.239953
2030-11-14 20:11:54.542464,1173711.735596,6410578.246155,-2900991.623943,1651.601770,2622.474568,6852.386208
2030-11-14 20:13:07.462710,1290598.166988,6582881.832159,-2393299.590488,1552.620292,2100.585528,7065.566651
2030-11-14 20:14:20.083027,1399479.502760,6716095.874166,-1873703.779417,1444.481337,1565.983684,7237.523055
2030-11-14 20:15:32.382874,1499752.919630,6809716.553224,-1345488.301843,1327.909165,1022.145045,7367.279591
2030-11-14 20:16:44.311813,1590849.521262,6863522.458718,-812187.388304,1203.747096,472.842040,7454.172423
2030-11-14 20:17:55.706077,1672168.803875,6877663.175637,-278186.526399,1073.120813,-77.243138,7497.922419
2030-11-14 20:19:08.025633,1744786.530280,6851871.825568,264346.532082,934.061544,-635.984446,7498.473508
2030-11-14 20:20:20.010913,1806863.166440,6786120.599179,802824.692029,789.729967,-1190.196317,7454.979906
2030-11-14 20:21:32.114744,1858439.630394,6680443.051666,1337463.268308,640.121462,-1739.860101,7367.378077
2030-11-14 20:22:44.060592,1898997.637151,6535795.395454,1863062.300645,486.732466,-2279.375748,7236.370170
2030-11-14 20:23:55.912781,1928369.917456,6353019.848494,2377026.265516,330.400076,-2805.823542,7062.714984
2030-11-14 20:25:07.686857,1946412.368812,6133222.216229,2876468.444221,172.079916,-3315.992470,6847.488485
2030-11-14 20:26:19.404797,1953043.212988,5877682.794568,3358632.060508,12.725272,-3806.820848,6592.007166
2030-11-14 20:27:31.088587,1948239.006055,5587861.123457,3820854.849242,-146.705511,-4275.367193,6297.828945
2030-11-14 20:28:42.757729,1932035.291020,5265400.668262,4260565.619173,-305.249679,-4718.813617,5966.754531
2030-11-14 20:29:54.432342,1904526.780841,4912110.335281,4675317.172340,-461.953261,-5134.505324,5600.804203
2030-11-14 20:31:06.130300,1865868.031994,4529970.127209,5062781.342394,-615.871059,-5519.950823,5202.218232
2030-11-14 20:32:17.869820,1816272.296493,4121110.435853,5420776.566133,-766.078576,-5872.853810,4773.429352
2030-11-14 20:33:29.665759,1756013.475412,3687823.773514,5747261.324185,-911.670370,-6191.109953,4317.068454
2030-11-14 20:34:41.533563,1685422.902905,3232532.789502,6040366.769068,-1051.774479,-6472.841234,3835.924132
2030-11-14 20:35:53.483790,1604893.602669,2757813.567666,6298386.212712,-1185.547630,-6716.386998,3332.960179
2030-11-14 20:37:05.526714,1514875.274953,2266355.714228,6519808.949152,-1312.190552,-6920.336826,2811.266424
2030-11-14 20:38:17.664794,1415882.568524,1761000.607051,6703311.768806,-1430.941034,-7083.522399,2274.092450
2030-11-14 20:39:29.896887,1308489.930354,1244700.033035,6847794.306050,-1541.089252,-7205.049742,1724.797237
2030-11-14 20:40:42.210524,1193342.174360,720554.570896,6952386.096954,-1641.974223,-7284.305356,1166.883871
2030-11-14 20:41:54.567220,1071180.523875,191902.278769,7016473.986696,-1732.978154,-7320.985538,604.088395
2030-11-14 20:43:06.860052,942923.999902,-337397.501334,7039776.380340,-1813.505102,-7315.184322,40.676660
2030-11-14 20:44:20.174246,807309.640839,-872177.608156,7021874.346294,-1884.155830,-7266.380603,-528.362573
2030-11-14 20:45:00.000000,731591.163496,-1160724.136306,6994713.940613,-1917.766707,-7221.987153,-835.269355
2030-11-14 20:45:00.000000,731591.163496,-1160724.136306,6994713.940613,1825.380245,4605.517180,4730.705378
2030-11-14 20:46:00.000000,839650.861251,-882353.251386,7265011.012303,1776.288938,4669.560845,4283.718163
2030-11-14 20:47:00.324158,945272.309041,-599283.072871,7510524.248206,1725.272570,4712.066757,3860.155848
2030-11-14 20:48:01.609931,1049386.404374,-309666.423551,7734521.208901,1672.212440,4736.371248,3453.518656
2030-11-14 20:49:02.590865,1149726.439769,-20514.446680,7933327.488763,1618.529054,4744.526903,3070.088552
2030-11-14 20:50:00.944411,1242659.445945,256254.848426,8102211.080197,1566.559027,4739.472176,2720.945754
2030-11-14 20:51:00.768454,1334772.276235,539348.459125,8254690.651018,1512.835563,4722.946361,2379.263295
2030-11-14 20:52:09.916980,1437223.702320,864913.163901,8406088.445178,1450.330153,4691.352823,2002.781186
2030-11-14 20:53:25.491408,1544238.387448,1217731.531955,8542538.483603,1381.649145,4643.450012,1611.553316
2030-11-14 20:54:46.222505,1652807.892986,1590080.469434,8656472.123092,1307.958355,4578.800700,1214.347774
2030-11-14 20:56:08.451848,1757264.358359,1963448.421477,8740366.574955,1232.606865,4500.337270,829.225192
2030-11-14 20:57:31.781241,1856784.978290,2334739.354580,8793826.062455,1155.949028,4409.215862,456.655587
2030-11-14 20:58:57.116939,1952066.988522,2706627.452829,8817102.434784,1077.097684,4304.889404,91.462372
2030-11-14 21:00:26.618650,2044751.661491,3086612.058851,8808738.632626,993.943084,4184.396552,-275.837316
2030-11-14 21:02:00.073414,2133559.930222,3471340.979396,8765634.802437,906.502471,4047.188649,-644.192036
2030-11-14 21:03:37.636182,2217514.908799,3858724.694964,8684623.515599,814.385508,3892.030481,-1014.187350
2030-11-14 21:05:19.648636,2295632.836517,4246945.026115,8562028.868221,716.938765,3717.036922,-1387.113734
2030-11-14 21:07:11.069856,2369512.250056,4649767.806067,8385445.641311,608.876822,3510.973864,-1780.234044
2030-11-14 21:09:11.902159,2435888.583552,5059606.637130,8145313.718196,489.322403,3269.421639,-2192.066908
2030-11-14 21:11:17.481768,2489372.326468,5453328.862347,7843885.467878,361.867280,2997.365294,-2606.374933
2030-11-14 21:13:17.940007,2525414.069862,5797583.471610,7506565.625376,235.873118,2714.675631,-2992.537071
2030-11-14 21:15:14.287165,2545578.097400,6096474.611181,7137140.098813,109.997775,2419.408662,-3356.483059
2030-11-14 21:17:05.766458,2550907.780486,6349366.065188,6743869.917040,-15.191906,2113.657446,-3697.872735
2030-11-14 21:18:51.883517,2542758.428539,6557193.258858,6334489.759038,-139.261845,1799.245420,-4016.820646
2030-11-14 21:20:32.191253,2522695.046475,6721780.964085,5916664.552282,-261.670499,1478.312049,-4313.239167
2030-11-14 21:22:06.336131,2492447.559805,6845848.001343,5497673.459224,-381.813691,1153.240936,-4587.024792
2030-11-14 21:23:34.039197,2453862.177971,6932851.737582,5084339.656438,-499.002125,826.750510,-4838.057767
2030-11-14 21:24:55.036837,2408888.021226,6986830.296781,4683206.571272,-612.382889,502.153845,-5066.103955
2030-11-14 21:26:10.987536,2358179.302465,7012691.536875,4290431.458335,-723.797892,174.916400,-5276.123659
2030-11-14 21:27:23.441250,2301731.487317,7013354.780298,3901020.940238,-835.274469,-160.667251,-5472.360704
2030-11-14 21:28:32.279291,2240436.902336,6990636.562460,3518025.676531,-946.468956,-503.540024,-5654.246571
2030-11-14 21:29:37.642063,2174978.008862,6946418.959665,3142941.266339,-1057.389222,-853.705388,-5821.827320
2030-11-14 21:30:00.000000,2150899.545385,6925931.034732,3012150.293323,779.418919,-1443.914334,7812.011300
2030-11-14 21:30:00.000000,2150899.545385,6925931.034732,3012150.293323,779.418919,-1443.914334,7812.011300
2030-11-14 21:31:00.000000,2194502.348696,6829228.084721,3476237.862808,674.445045,-1776.243442,7655.010882
2030-11-14 21:32:24.200690,2245248.656634,6661157.305500,4110703.464064,531.906852,-2209.458652,7411.126953
2030-11-14 21:33:47.664074,2283959.563436,6460148.130893,4718388.059660,396.776902,-2601.031806,7147.368440
2030-11-14 21:35:14.542254,2312572.897788,6217878.517294,5326750.642015,263.149163,-2969.700539,6854.977997
2030-11-14 21:36:44.509971,2330316.265096,5935031.880076,5929315.822143,132.638569,-3311.419162,6538.193767
2030-11-14 21:38:17.945280,2336710.415259,5610638.599872,6524432.707795,5.687273,-3625.587767,6199.044647
2030-11-14 21:39:55.188551,2331212.043674,5243846.614962,7109810.615106,-117.220940,-3911.500438,5839.664948
2030-11-14 21:41:36.650607,2313225.208416,4833590.538277,7683159.725311,-235.700363,-4168.689828,5461.919212
2030-11-14 21:43:22.791766,2282082.758463,4378664.109636,8241940.264170,-349.410692,-4396.765736,5067.490143
2030-11-14 21:45:14.148190,2237026.045213,3877630.673595,8783375.074473,-458.062241,-4595.395857,4657.810066
2030-11-14 21:47:11.332215,2177188.109784,3328852.440841,9304284.279072,-561.387409,-4764.215663,4234.104067
2030-11-14 21:49:15.058614,2101567.389099,2730426.205107,9801013.689620,-659.135210,-4902.784877,3797.353730
2030-11-14 21:51:26.200616,2008973.123133,2079988.087327,10269391.154470,-751.075853,-5010.538732,3348.182906
2030-11-14 21:53:42.627204,1900644.765090,1390912.514556,10695216.767696,-835.132662,-5085.328276,2897.223790
2030-11-14 21:55:57.557735,1782949.342389,701614.327026,11057007.034447,-907.743721,-5126.724795,2468.243485
2030-11-14 21:58:09.524259,1658981.322555,23911.895392,11355962.547119,-969.600571,-5139.894580,2065.264319
2030-11-14 22:00:13.549706,1535514.452225,-613195.937015,11589394.561527,-1020.237843,-5130.657486,1701.373372
2030-11-14 22:02:20.084781,1403512.266411,-1260793.025139,11781956.515748,-1065.077177,-5102.173779,1344.658270
2030-11-14 22:04:43.904507,1247123.573587,-1991020.950577,11947218.490108,-1108.421098,-5049.152776,956.546842
2030-11-14 22:07:18.809399,1072340.206751,-2767333.864398,12064293.514885,-1146.880922,-4970.444197,558.387515
2030-11-14 22:10:04.107810,879957.784679,-3580500.436512,12122970.895328,-1179.429696,-4864.851867,155.210546
2030-11-14 22:12:58.868098,671462.172413,-4419373.607653,12114531.863644,-1205.247705,-4732.026581,-247.940297
2030-11-14 22:16:00.735557,450468.843143,-5265857.581876,12033095.757056,-1223.652541,-4573.548823,-643.687761
2030-11-14 22:19:03.070288,226274.338401,-6083884.087648,11881310.571738,-1234.250740,-4396.378565,-1017.504075
2030-11-14 22:22:07.199163,-1409.101014,-6875630.117414,11660898.190082,-1237.668482,-4200.905281,-1373.033567
2030-11-14 22:24:59.923163,-215013.226103,-7584391.510210,11396320.747529,-1234.735491,-4003.852674,-1687.575231
2030-11-14 22:27:55.970392,-431701.880451,-8270656.274025,11072327.423566,-1226.045751,-3790.490351,-1990.234366
2030-11-14 22:31:12.604911,-671309.257079,-8991434.169519,10649402.213515,-1209.944057,-3538.287998,-2307.898703
2030-11-14 22:34:41.160575,-921262.726007,-9700163.134547,10134892.030333,-1185.881905,-3255.743454,-2622.362192
2030-11-14 22:38:19.350884,-1176596.160950,-10376851.836289,9528984.321139,-1153.353308,-2944.355496,-2927.599612
2030-11-14 22:41:56.242039,-1422587.701117,-10980485.197257,8863222.252815,-1113.802679,-2619.331547,-3207.712205
2030-11-14 22:45:30.490727,-1656412.759025,-11505944.828458,8148332.099691,-1067.797907,-2283.339777,-3462.072736
2030-11-14 22:49:01.291059,-1876144.716580,-11951157.318067,7394038.638696,-1015.831673,-1938.276988,-3690.846973
2030-11-14 22:52:27.647122,-2079959.971693,-12315068.483016,6611089.153879,-958.461991,-1586.397899,-3894.041934
2030-11-14 22:55:48.498889,-2266333.310406,-12598157.564243,5810783.646621,-896.316307,-1230.202401,-4071.725583
2030-11-14 22:59:02.655500,-2434033.779625,-12802511.415226,5005129.083620,-830.141861,-872.630179,-4224.042581
2030-11-14 23:02:08.664450,-2582097.977611,-12931986.387365,4207297.739480,-760.894388,-517.402195,-4351.244232
2030-11-14 23:05:07.978408,-2712128.612448,-12993151.096636,3417429.461441,-688.466881,-162.772022,-4455.560677
2030-11-14 23:08:05.487103,-2827548.936243,-12989982.384979,2618750.437180,-610.996938,200.547705,-4539.959691
2030-11-14 23:10:59.994417,-2927098.637198,-12922923.043330,1820677.253522,-528.919286,570.092331,-4603.243448
2030-11-14 23:13:51.437713,-3010434.730416,-12793178.439623,1027616.409953,-442.218654,945.550737,-4644.777487
2030-11-14 23:16:39.634014,-3077227.280556,-12602297.561129,244468.202075,-350.943369,1326.261712,-4663.769878
2030-11-14 23:19:06.484913,-3122582.022456,-12382491.354201,-440439.385696,-265.896001,1668.954222,-4661.007383
2030-11-14 23:21:32.157324,-3154854.502254,-12114023.766080,-1118040.577819,-176.291673,2018.571434,-4638.663864
2030-11-14 23:24:14.538015,-3174936.972239,-11753837.830786,-1867563.439882,-69.875696,2419.761905,-4588.301726
2030-11-14 23:27:01.576993,-3176938.345705,-11314301.027637,-2627515.438625,47.248853,2845.029803,-4505.183015
2030-11-14 23:29:50.069125,-3158439.529951,-10797912.353654,-3377021.151643,173.780522,3286.546885,-4384.956322
2030-11-14 23:32:37.467446,-3118211.823844,-10210213.606972,-4098220.693081,308.357497,3736.848000,-4224.301682
2030-11-14 23:35:22.064687,-3055945.309260,-9558008.619624,-4777426.326220,449.772608,4189.476744,-4020.548627
2030-11-14 23:38:02.666395,-2972025.618559,-8849206.361059,-5403854.697901,596.806515,4638.297057,-3771.654120
2030-11-14 23:40:38.500105,-2867337.917338,-8092211.014076,-5969315.161420,748.215743,5077.387061,-3476.104608
2030-11-14 23:43:09.142094,-2743086.424324,-7295396.008959,-6467862.274319,902.727200,5500.959442,-3132.818598
2030-11-14 23:45:17.700922,-2618224.024777,-6565210.787405,-6849070.282064,1040.666041,5857.419740,-2789.486486
2030-11-14 23:47:15.031695,-2488513.320260,-5859257.154447,-7155785.889795,1171.025837,6174.440406,-2431.255799
2030-11-14 23:49:14.094237,-2341024.874747,-5105582.436382,-7421265.611773,1307.024322,6483.034892,-2019.879123
2030-11-14 23:51:02.095610,-2193087.806894,-4391018.340697,-7617234.076659,1432.821808,6746.361388,-1601.737407
2030-11-14 23:52:41.212587,-2045297.697834,-3711129.711885,-7755315.789423,1549.411294,6969.094887,-1177.945118
2030-11-14 23:54:12.294341,-1899290.184567,-3067822.167866,-7843522.281307,1656.586473,7153.152616,-753.183365
2030-11-14 23:55:35.702412,-1757051.818191,-2464900.712248,-7889054.620371,1753.855181,7300.224270,-333.714791
2030-11-14 23:56:54.216494,-1615806.788106,-1887025.518633,-7898869.603243,1843.750387,7416.104619,88.040867
2030-11-14 23:58:09.960053,-1472944.919904,-1321829.598062,-7876013.937479,1928.017012,7503.535131,519.431157
2030-11-14 23:59:23.000229,-1329250.510661,-771478.874360,-7822202.849695,2006.036583,7561.701799,957.580262
2030-11-15 00:00:33.602628,-1185072.303356,-236428.179696,-7739061.815815,2077.453256,7590.210438,1400.705638
2030-11-15 00:01:45.342960,-1033580.898098,308211.309986,-7621877.160393,2144.921721,7587.882715,1869.080029
2030-11-15 00:02:53.757992,-884799.785688,826338.072779,-7478290.283881,2203.402027,7553.151200,2330.670761
2030-11-15 00:04:05.881255,-723877.792223,1368661.236982,-7292251.387806,2257.640519,7478.942465,2830.167011
2030-11-15 00:05:16.824227,-562074.857501,1895455.829001,-7073755.737017,2302.310622,7365.323774,3330.780179
2030-11-15 00:06:27.065259,-399086.377560,2407621.980520,-6822236.405771,2336.807701,7210.594198,3831.229316
2030-11-15 00:07:36.384873,-236224.845360,2900922.781633,-6539528.208121,2360.193996,7014.795982,4324.976071
2030-11-15 00:08:44.741339,-74424.642350,3372603.995549,-6227383.785653,2371.853444,6778.657612,4806.529401
2030-11-15 00:09:52.135661,85478.439184,3820415.746924,-5887735.067118,2371.406934,6503.691159,5270.697437
2030-11-15 00:10:53.477765,230653.705268,4210761.374504,-5551807.882133,2360.130076,6217.529040,5679.298901
2030-11-15 00:11:59.995969,386906.431556,4612989.531414,-5159832.325184,2335.791892,5869.945409,6102.304712
2030-11-15 00:13:04.946378,537510.886216,4982260.628081,-4750740.083620,2299.697408,5495.353590,6490.214269
2030-11-15 00:14:09.524137,684537.625220,5324256.527260,-4319939.715286,2251.806689,5091.468200,6846.626039
2030-11-15 00:15:13.778129,827383.586840,5637748.243077,-3869499.071998,2192.603627,4662.211760,7168.199058
2030-11-15 00:16:17.944994,965885.000165,5922528.057046,-3400198.334057,2122.548981,4210.576089,7453.016262
2030-11-15 00:17:22.253275,1099850.144477,6178247.031049,-2912770.558368,2042.173804,3739.707802,7699.383631
2030-11-15 00:18:26.945946,1229095.779301,6404484.800158,-2407769.553877,1952.050524,3252.741661,7905.914199
2030-11-15 00:19:32.278928,1353428.100697,6600694.754899,-1885607.835262,1852.785700,2752.800213,8071.478870
2030-11-15 00:20:38.519746,1472624.567430,6766159.312841,-1346605.736939,1745.018448,2243.009206,8195.169285
2030-11-15 00:21:44.382536,1583867.111244,6897247.568790,-803990.514317,1632.160595,1738.434365,8274.896136
2030-11-15 00:22:49.521732,1686431.222402,6994411.199674,-263517.236980,1516.328869,1246.335382,8312.913282
2030-11-15 00:23:46.119301,1769344.797522,7053054.719004,207156.071125,1413.314860,827.548280,8314.670002
2030-11-15 00:24:43.649878,1847606.765690,7088674.027979,684881.935231,1307.231168,412.732969,8288.518314
2030-11-15 00:25:52.282015,1932958.829607,7100493.038745,1251705.027444,1179.967676,-64.984184,8223.298709
2030-11-15 00:27:03.673705,2012481.837802,7078776.794812,1835293.926608,1047.998174,-539.340852,8119.942003
2030-11-15 00:28:16.381620,2083839.573290,7022779.304642,2420844.168660,915.228294,-996.480658,7981.823298
2030-11-15 00:29:30.230043,2146529.895154,6932916.162972,3004193.429544,783.121833,-1432.370598,7812.182986
2030-11-15 00:30:49.106268,2202863.636943,6802637.940187,3612325.361898,646.052273,-1865.333562,7603.392502
2030-11-15 00:32:10.865042,2250051.245660,6633000.228495,4224265.102999,509.208014,-2278.325169,7362.249448
2030-11-15 00:33:35.362537,2287320.910039,6423783.771290,4835072.534099,374.045465,-2667.368487,7092.038521
2030-11-15 00:35:02.836713,2314179.958418,6174273.310778,5442567.835659,241.301956,-3030.896599,6795.183938
2030-11-15 00:36:33.535863,2330124.238704,5883802.559827,6044409.633041,111.651092,-3367.614862,6474.132644
2030-11-15 00:38:07.768128,2334638.825620,5551589.224248,6638379.412061,-14.360455,-3676.631777,6131.141252
2030-11-15 00:39:45.894359,2327171.294595,5176714.516729,7222232.425801,-136.278975,-3957.315821,5768.266909
2030-11-15 00:41:28.332370,2307111.606175,4758090.571383,7793614.551875,-253.725174,-4209.208156,5387.346869
2030-11-15 00:43:15.563735,2273772.801042,4294433.355807,8349975.405296,-366.376612,-4431.945710,4989.988956
2030-11-15 00:45:08.137243,2226374.286157,3784267.771932,8888444.730836,-473.945404,-4625.182315,4577.591315
2030-11-15 00:47:06.685375,2164021.887860,3225894.954761,9405750.620602,-576.167788,-4788.538183,4151.328616
2030-11-15 00:49:11.955824,2085675.446851,2617302.577120,9898148.633099,-672.799491,-4921.551749,3712.102376
2030-11-15 00:51:24.854204,1990100.020982,1956038.585363,10361300.150512,-763.606427,-5023.606653,3260.481313
2030-11-15 00:53:41.182095,1880300.896241,1266138.777433,10775147.201081,-845.375862,-5091.842892,2813.718170
2030-11-15 00:55:55.943227,1761512.769233,577210.744128,11125524.176824,-915.953377,-5127.712150,2389.091477
2030-11-15 00:58:07.128283,1637337.259968,-96297.421369,11412720.974137,-975.795365,-5136.306129,1992.089938
2030-11-15 01:00:08.696047,1515706.636898,-720137.912234,11633262.111841,-1024.153388,-5123.881176,1638.460757
2030-11-15 01:02:19.386639,1378841.029176,-1387850.393339,11823364.076614,-1069.198769,-5091.192808,1273.286502
2030-11-15 01:04:45.382849,1219539.294502,-2127204.651139,11980556.556340,-1111.774519,-5033.756124,883.172140
2030-11-15 01:07:22.417599,1041898.804809,-2911404.110655,12087616.135230,-1149.303397,-4950.338063,483.754131
2030-11-15 01:10:09.639949,846962.837864,-3730271.376378,12134475.355638,-1180.767177,-4839.951797,80.363903
2030-11-15 01:13:06.214669,636170.257160,-4573029.739662,12112772.222005,-1205.411466,-4702.299174,-322.315069
2030-11-15 01:16:08.145352,415194.587017,-5414099.701371,12018185.751372,-1222.478202,-4540.596423,-713.620695
2030-11-15 01:19:10.765152,190973.662451,-6227101.982247,11853734.038370,-1231.896106,-4360.350563,-1083.733686
2030-11-15 01:22:16.482683,-38135.856530,-7018589.192197,11619220.378158,-1234.226302,-4160.583581,-1438.169973
2030-11-15 01:25:05.862971,-246946.918663,-7706936.346692,11349553.397765,-1230.459212,-3965.249071,-1743.163255
2030-11-15 01:28:06.810742,-468794.650987,-8404597.793309,11006029.559459,-1220.636074,-3743.825252,-2050.701825
2030-11-15 01:31:25.876895,-710167.836618,-9124448.142198,10565845.896891,-1203.311644,-3486.047684,-2368.234220
2030-11-15 01:34:56.539454,-961110.762282,-9828756.383981,10033541.983425,-1177.923157,-3198.005980,-2681.574047
2030-11-15 01:38:35.035528,-1214937.073124,-10493429.362076,9414281.016999,-1144.246619,-2883.427633,-2982.866242
2030-11-15 01:42:11.348605,-1458200.019954,-11082074.837354,8738872.784354,-1103.754072,-2556.570649,-3258.081288
2030-11-15 01:45:44.978693,-1689109.988778,-11592428.775897,8015789.070926,-1056.883631,-2218.889690,-3507.767903
2030-11-15 01:49:14.948301,-1905604.175528,-12022219.380620,7255366.413256,-1004.160321,-1872.545713,-3731.875987
2030-11-15 01:52:40.275130,-2105939.511694,-12370729.151816,6468375.417180,-946.144954,-1519.793595,-3930.442407
2030-11-15 01:55:59.875658,-2288641.052536,-12638721.066830,5666250.462276,-883.481891,-1163.208725,-4103.535633
2030-11-15 01:59:12.524371,-2452531.058541,-12828600.820046,4861164.436640,-816.946403,-805.845656,-4251.312727
2030-11-15 02:02:16.707554,-2596696.171304,-12944594.590909,4066555.293653,-747.541806,-451.614074,-4374.050554
2030-11-15 02:05:15.686134,-2724031.586240,-12993707.874905,3274386.045647,-674.412726,-95.152381,-4474.948334
2030-11-15 02:08:12.518856,-2836476.180143,-12978488.914940,2475645.853935,-596.362303,269.364002,-4555.640759
2030-11-15 02:11:06.343167,-2933041.639536,-12899627.187671,1678298.623771,-513.695764,640.101371,-4615.119860
2030-11-15 02:13:57.070077,-3013380.862576,-12758377.349066,886857.515724,-426.409185,1016.678528,-4652.711883
2030-11-15 02:16:44.915621,-3077313.694237,-12555793.876131,104349.217381,-334.326645,1399.335046,-4667.611510
2030-11-15 02:19:25.992592,-3123631.585919,-12300016.188061,-647133.850883,-239.725185,1778.476519,-4659.225525
2030-11-15 02:21:56.840319,-3152740.723161,-12004275.447127,-1347978.632995,-145.234694,2144.321867,-4629.071874
2030-11-15 02:24:41.125948,-3167681.391375,-11618454.615124,-2103937.945225,-35.412673,2554.703184,-4568.903579
2030-11-15 02:27:28.707806,-3163681.083718,-11154369.314449,-2862192.777223,84.530299,2986.016997,-4474.569864
2030-11-15 02:30:16.847315,-3138754.927782,-10615047.143596,-3603966.203573,213.437837,3431.160472,-4341.987383
2030-11-15 02:33:03.292482,-3091990.341602,-10006485.894144,-4312823.150211,350.011502,3883.032452,-4168.052226
2030-11-15 02:35:46.516181,-3023311.835381,-9335880.406814,-4976055.974113,493.050080,4335.299894,-3950.292551
2030-11-15 02:38:25.470581,-2933273.077064,-8611329.669029,-5583751.159528,641.333883,4781.906063,-3686.831274
2030-11-15 02:40:59.501077,-2822868.661749,-7841264.811268,-6128463.948507,793.613372,5216.970359,-3376.294738
2030-11-15 02:43:28.289571,-2693351.143102,-7033894.727317,-6604899.206763,948.616521,5634.745390,-3017.689461
2030-11-15 02:45:32.383488,-2567314.160514,-6313345.752248,-6958243.301804,1083.512097,5976.851745,-2669.186454
2030-11-15 02:47:38.340921,-2421966.605029,-5539198.564298,-7269527.724478,1225.091360,6313.003424,-2264.567993
2030-11-15 02:49:32.072698,-2275203.283439,-4804635.741218,-7504026.237305,1356.220712,6601.606065,-1851.247801
2030-11-15 02:51:16.142832,-2127731.056241,-4104611.604303,-7675142.258464,1478.089893,6848.057710,-1430.189160
2030-11-15 02:52:51.754995,-1981024.078446,-3439802.400071,-7791868.209607,1590.726151,7054.742894,-1005.248797
2030-11-15 02:54:19.574320,-1836794.363788,-2812686.351510,-7861782.328845,1693.825774,7223.468058,-581.582350
2030-11-15 02:55:39.713892,-1697318.739434,-2228344.744152,-7891941.173709,1786.726257,7355.872922,-166.533573
2030-11-15 02:56:57.121811,-1555599.783019,-1654732.225244,-7888479.301714,1874.484153,7460.520047,260.187324
2030-11-15 02:58:11.645956,-1412840.453236,-1095761.685201,-7853043.833507,1956.203955,7536.126035,694.589251
2030-11-15 02:59:23.609393,-1269329.449961,-551606.315553,-7787326.418443,2031.573957,7582.300322,1135.185614
2030-11-15 03:00:34.496075,-1122813.956991,-13361.656524,-7690907.747431,2101.402381,7598.663498,1588.180412
2030-11-15 03:01:46.333397,-969476.470017,532128.433150,-7559802.918112,2166.582705,7582.347787,2064.582797
2030-11-15 03:02:58.074933,-811907.639483,1074433.688992,-7394167.762016,2224.857272,7529.611571,2555.187450
2030-11-15 03:04:09.392101,-651405.997002,1608395.462160,-7194197.761645,2274.769228,7437.891417,3054.302674
2030-11-15 03:05:20.024581,-489253.319997,2129331.013170,-6960780.271175,2315.057069,7305.621790,3555.888087
2030-11-15 03:06:29.811266,-326596.344897,2633366.990556,-6695245.501024,2344.711082,7132.188849,4054.021923
2030-11-15 03:07:38.658605,-164475.053957,3117271.845343,-6399277.281421,2362.970162,6917.901395,4542.928942
2030-11-15 03:08:46.539331,-3791.398057,3578483.044787,-6074743.864899,2369.325135,6663.877744,5017.195721
2030-11-15 03:09:53.481474,154690.175754,4015032.825125,-5723575.682162,2363.503118,6371.919429,5471.877692
2030-11-15 03:10:58.602537,308092.891689,4419679.093879,-5353306.693124,2345.793891,6049.383968,5896.490322
2030-11-15 03:12:04.095884,460809.083600,4804250.028023,-4953749.412211,2315.705748,5688.537720,6300.741304
2030-11-15 03:13:08.845339,609458.244054,5160122.479549,-4533566.261855,2273.808655,5298.502521,6673.087528
2030-11-15 03:14:13.219597,754175.357238,5487928.813996,-4092904.905805,2220.383024,4881.323205,7011.986057
2030-11-15 03:15:00.000000,856994.065220,5708860.246486,-3759555.100056,2174.444854,4562.062976,7236.512163
2030-11-15 03:15:00.000000,856994.065220,5708860.246486,-3759555.100056,2174.444854,4562.062976,7236.512163
2030-11-15 03:16:00.000000,973191.133654,5912297.233237,-3305366.884233,1901.967427,3173.912907,7698.311573
2030-11-15 03:17:06.656428,1097146.173451,6107225.831670,-2783488.412898,1815.249430,2670.521250,7953.960634
2030-11-15 03:18:11.351639,1211555.321325,6263564.168139,-2261924.859463,1719.809944,2159.160749,8163.057588
2030-11-15 03:19:15.520570,1318596.988000,6385351.419287,-1732549.584888,1614.775254,1634.086117,8329.312139
2030-11-15 03:20:19.174379,1417815.205340,6472433.658032,-1198242.217438,1501.170520,1100.293812,8451.313850
2030-11-15 03:21:22.522147,1509106.943098,6525087.824983,-660186.559506,1379.772288,561.204528,8528.611526
2030-11-15 03:22:25.748118,1592321.763755,6543475.268041,-119696.661192,1251.432077,20.407491,8560.986496
2030-11-15 03:23:29.042005,1667303.902171,6527683.103185,422002.312985,1117.020280,-518.600361,8548.508197
2030-11-15 03:24:32.607100,1733890.893414,6477697.441685,963809.909179,977.402059,-1052.488794,8491.494163
2030-11-15 03:25:35.672340,1791075.010607,6394925.447679,1496419.341422,835.670636,-1570.095376,8392.338602
2030-11-15 03:26:40.177887,1840250.472924,6277013.063443,2033376.201401,688.819767,-2082.581471,8249.251996
2030-11-15 03:27:45.807120,1880536.780598,6123807.945911,2568882.199733,538.908871,-2582.251018,8063.384504
2030-11-15 03:28:52.459822,1911404.267350,5935498.085859,3098974.096055,387.579313,-3063.561629,7836.657208
2030-11-15 03:30:00.364802,1932550.539171,5711664.554217,3622275.126053,235.741564,-3523.681002,7570.550075
2030-11-15 03:31:09.697448,1943624.760816,5452045.867075,4136810.073305,84.437356,-3959.508331,7266.992881
2030-11-15 03:32:20.631175,1944270.441718,5156464.512622,4640423.346882,-65.288853,-4368.116784,6928.229354
2030-11-15 03:33:33.328030,1934135.787105,4824905.842988,5130716.932005,-212.383964,-4746.750064,6556.851742
2030-11-15 03:34:47.935192,1912890.785218,4457586.049084,5605053.076067,-355.798442,-5092.875647,6155.806548
2030-11-15 03:36:04.583908,1880245.822687,4055007.298192,6060589.167591,-494.507083,-5404.255826,5728.371526
2030-11-15 03:37:23.385621,1835971.853072,3618021.012786,6494309.546202,-627.526710,-5679.004476,5278.129553
2030-11-15 03:38:44.431548,1779919.102959,3147864.831298,6903091.708017,-753.941066,-5915.651658,4808.906336
2030-11-15 03:40:07.793070,1712032.592855,2646180.777790,7283782.346791,-872.924623,-6113.192048,4324.688210
2030-11-15 03:41:33.524291,1632361.936794,2115004.731196,7633282.527995,-983.764621,-6271.113562,3829.518747
2030-11-15 03:43:01.658993,1541072.066696,1556775.926190,7948605.367722,-1085.869698,-6389.390005,3327.426743
2030-11-15 03:44:32.209447,1438450.134784,974324.687549,8226944.182126,-1178.777069,-6468.463718,2822.347442
2030-11-15 03:46:05.157776,1324918.759146,370897.542516,8465721.087304,-1262.148752,-6509.211818,2318.091351
2030-11-15 03:47:40.449858,1201046.084528,-249844.170398,8662658.451416,-1335.770650,-6512.917666,1818.302319
2030-11-15 03:49:17.954686,1067601.996626,-883615.488184,8815812.547255,-1399.529983,-6481.257826,1326.590664
2030-11-15 03:50:57.406815,925647.083679,-1525219.206781,8923697.488282,-1453.405979,-6416.365781,846.704773
2030-11-15 03:52:38.279470,776730.358283,-2167880.502176,8985520.362917,-1497.460406,-6321.037614,382.943471
2030-11-15 03:54:21.766357,619864.870030,-2815789.240997,9001576.008970,-1532.502587,-6196.282505,-68.550504
2030-11-15 03:56:13.151729,447553.058224,-3497250.319019,8968138.176426,-1559.748078,-6035.572727,-527.151632
2030-11-15 03:58:14.017902,257806.714900,-4214858.693276,8875928.761719,-1578.196771,-5834.602487,-993.253251
2030-11-15 04:00:00.000000,90077.642976,-4823000.242083,8750184.543360,-1585.764642,-5638.911558,-1375.647071
2030-11-15 04:00:00.000000,90077.642976,-4823000.242083,8750184.543360,-1585.764642,-5638.911558,-1375.647071
2030-11-15 04:01:00.000000,906.152083,-5113959.116889,8629549.109865,-1486.556284,-4789.751643,-2113.661080
2030-11-15 04:03:09.913015,-192008.256616,-5718652.732267,8326744.880924,-1481.733073,-4515.323422,-2543.897269
2030-11-15 04:05:19.671720,-383449.822719,-6285463.322036,7970088.822829,-1467.451607,-4217.152185,-2949.291843
2030-11-15 04:07:31.082522,-574827.554497,-6818520.394784,7556888.376975,-1443.671050,-3891.851935,-3335.280468
2030-11-15 04:09:41.797458,-761495.342247,-7304870.164884,7097157.275420,-1410.938699,-3545.862110,-3694.746905
2030-11-15 04:11:51.714301,-942207.547411,-7742030.799295,6595256.164581,-1369.566007,-3180.452213,-4027.684818
2030-11-15 04:14:00.326834,-1115253.814592,-8126699.667969,6057348.454026,-1319.971692,-2797.953285,-4333.031855
2030-11-15 04:16:07.176380,-1279142.339118,-8456630.711968,5489881.471536,-1262.605552,-2400.666831,-4609.988854
2030-11-15 04:18:11.763756,-1432507.775722,-8730412.284751,4899843.171390,-1197.990120,-1991.155040,-4857.815786
2030-11-15 04:20:13.561969,-1574163.717957,-8947607.766318,4294639.315918,-1126.737481,-1572.260137,-5075.914530
2030-11-15 04:22:11.972187,-1703091.772076,-9108793.554054,3682232.396500,-1049.601504,-1147.317197,-5263.828239
2030-11-15 04:24:06.257672,-1818430.400874,-9215681.675356,3071424.884815,-967.564996,-720.483017,-5421.284445
2030-11-15 04:25:55.396109,-1919425.954114,-9271366.110775,2472610.529120,-882.018876,-297.428656,-5548.256057
2030-11-15 04:27:42.494658,-2009077.206297,-9280329.237090,1872785.960024,-790.967738,132.493933,-5649.020371
2030-11-15 04:29:29.134392,-2088269.742505,-9242725.933881,1266141.773263,-693.032868,575.175551,-5724.055493
2030-11-15 04:31:15.074339,-2156206.650798,-9157860.230832,656974.194771,-588.251982,1029.357297,-5771.492015
2030-11-15 04:33:00.973567,-2212614.267177,-9024184.625465,44554.289393,-475.731633,1497.571076,-5789.467113
2030-11-15 04:34:45.648513,-2256243.957652,-8842606.810428,-561016.986985,-356.543105,1974.017971,-5775.541312
2030-11-15 04:36:27.383713,-2286289.828924,-8617691.170051,-1146507.133728,-232.802453,2449.564747,-5728.819290
2030-11-15 04:38:19.561556,-2304320.100904,-8312872.413083,-1784344.478222,-86.990321,2987.211347,-5635.368742
2030-11-15 04:40:11.802691,-2305422.528807,-7946806.918909,-2409354.088674,69.064355,3537.514472,-5492.919756
2030-11-15 04:42:02.992444,-2288673.513265,-7522695.554166,-3009791.247665,233.920640,4092.470954,-5297.843813
2030-11-15 04:43:50.985709,-2254320.375792,-7051337.029626,-3569128.360364,403.906675,4637.622895,-5050.934698
2030-11-15 04:45:36.453218,-2202557.322153,-6534045.928351,-4086469.754067,579.190379,5171.738152,-4748.948837
2030-11-15 04:47:19.275841,-2133852.385631,-5975630.084890,-4556905.908333,758.530783,5688.902512,-4390.411964
2030-11-15 04:48:54.704955,-2053247.032220,-5410173.258928,-4957531.703074,931.823982,6159.946982,-3995.463546
2030-11-15 04:50:21.573288,-1965265.507835,-4856908.042696,-5286947.803236,1094.510500,6575.439988,-3579.499685
2030-11-15 04:51:43.513200,-1869174.890986,-4302638.497829,-5562377.227110,1251.335416,6949.899360,-3134.442757
2030-11-15 04:53:01.952858,-1765064.295394,-3744129.425459,-5789882.565043,1403.417927,7286.475034,-2657.923126
2030-11-15 04:54:17.230342,-1653903.927366,-3184272.980349,-5971238.572770,1549.899453,7583.153475,-2152.439561
2030-11-15 04:55:29.658548,-1536567.053622,-2625610.392780,-6108147.413784,1689.905511,7837.942854,-1620.638650
2030-11-15 04:56:39.482713,-1413924.289856,-2070754.362960,-6202173.388682,1822.461997,8048.769655,-1065.715765
2030-11-15 04:57:38.864107,-1302433.575572,-1588272.707200,-6250638.489627,1932.014085,8196.223423,-561.804882
2030-11-15 04:58:39.585138,-1181825.483058,-1086883.504467,-6268368.816807,2039.663776,8312.006706,-17.428523
2030-11-15 04:59:36.441543,-1063115.258935,-612065.777902,-6254270.786751,2135.161299,8384.151251,517.169678
2030-11-15 05:00:31.124523,-943983.402664,-152532.841757,-6211459.292810,2220.921876,8416.696080,1051.758282
2030-11-15 05:01:24.086614,-824308.823486,293239.681713,-6141674.539118,2297.105225,8410.507847,1585.961004
2030-11-15 05:02:16.451978,-702216.117774,732644.384805,-6044508.909663,2364.611429,8365.005729,2126.936439
2030-11-15 05:03:10.727187,-572187.493373,1184389.885734,-5913628.438457,2425.138141,8273.787857,2697.159182
2030-11-15 05:04:04.382267,-440697.434048,1624867.941236,-5753667.127213,2474.302264,8137.241400,3265.825990
2030-11-15 05:04:57.567391,-308060.726625,2053005.202740,-5564976.820491,2511.416816,7954.716378,3829.294524
2030-11-15 05:05:50.163772,-175273.798445,2465614.892279,-5349026.666361,2535.733910,7727.101793,4380.902974
2030-11-15 05:06:42.172232,-43048.218757,2860634.230973,-5107226.925275,2546.832660,7455.863050,4915.263925
2030-11-15 05:07:33.634981,88016.925826,3236470.459090,-4841009.331916,2544.513713,7143.021522,5427.574622
2030-11-15 05:08:24.627425,217423.741577,3591908.802097,-4551749.189610,2528.761854,6791.004583,5913.613886
2030-11-15 05:09:15.249307,344755.536575,3926007.608651,-4240725.617624,2499.711476,6402.535349,6369.691494
2030-11-15 05:10:05.619194,469660.316188,4238015.647410,-3909095.267096,2457.617112,5980.540174,6792.602266
2030-11-15 05:10:55.867357,591827.173497,4527282.679863,-3557903.534466,2402.832477,5528.107483,7179.551846
2030-11-15 05:11:46.135784,710978.549294,4793218.977598,-3188069.365727,2335.790188,5048.417999,7528.135266
2030-11-15 05:12:36.574365,826851.864320,5035234.910932,-2800409.471164,2256.989671,4544.729826,7836.279161
2030-11-15 05:13:27.339253,939186.330333,5252700.573843,-2395660.788262,2166.988806,4020.365654,8102.206032
2030-11-15 05:14:18.594000,1047715.904212,5444922.377914,-1974489.390486,2066.394585,3478.684881,8324.417040
2030-11-15 05:15:10.506486,1152153.283657,5611107.110802,-1537539.791619,1955.864537,2923.108966,8501.659053
2030-11-15 05:16:03.119113,1251943.582377,5750041.891735,-1086586.671522,1836.408871,2358.511853,8632.656803
2030-11-15 05:16:55.579046,1345023.458839,5859073.788733,-631333.333359,1711.329011,1799.294630,8715.824460
2030-11-15 05:17:47.593955,1430713.169308,5938416.137385,-176812.853713,1582.862964,1253.212150,8753.481004
2030-11-15 05:18:38.064161,1507390.449976,5988537.741672,265044.231379,1455.273006,735.208145,8749.744506
2030-11-15 05:19:25.227992,1573181.967447,6012058.173996,676966.041265,1334.465963,264.545194,8712.763191
2030-11-15 05:20:21.872461,1644642.182489,6011494.771285,1168317.099720,1188.613115,-280.524639,8628.990477
2030-11-15 05:21:19.979670,1709370.138517,5979565.729563,1666240.587751,1039.453310,-813.877187,8502.675988
2030-11-15 05:22:20.521323,1767638.812528,5914225.820668,2176043.214133,885.871613,-1339.324726,8332.591901
2030-11-15 05:23:22.271556,1817582.444176,5815833.162225,2684311.038954,732.344505,-1841.722469,8123.994854
2030-11-15 05:24:26.126608,1859390.935069,5682612.653454,3195326.428744,577.953582,-2324.619764,7876.566504
2030-11-15 05:25:32.475376,1892567.874075,5512825.684830,3708600.337194,423.139233,-2786.667159,7591.071774
2030-11-15 05:26:41.485113,1916405.400206,5305154.563166,4221484.608170,268.910017,-3224.800983,7269.292261
2030-11-15 05:27:53.398351,1930199.868972,5058173.935505,4731541.232306,116.113634,-3636.565179,6912.927808
2030-11-15 05:29:08.509472,1933207.227621,4770342.414410,5236250.165851,-34.486627,-4019.806535,6523.608205
2030-11-15 05:30:27.200835,1924612.180306,4439817.005149,5733109.766694,-182.253216,-4372.705778,6102.661409
2030-11-15 05:31:49.960192,1903476.604617,4064312.907111,6219518.451814,-326.652356,-4693.619983,5650.999047
2030-11-15 05:33:17.437586,1868662.618503,3640784.975748,6692782.215979,-467.276107,-4981.004995,5168.834344
2030-11-15 05:34:48.537912,1819903.406180,3175361.459337,7140760.172170,-601.069651,-5228.392018,4666.271180
2030-11-15 05:36:23.325257,1756848.601632,2669607.132479,7558413.196449,-727.218076,-5434.692717,4147.083501
2030-11-15 05:38:01.995270,1679165.571766,2124839.461617,7941240.463004,-845.186236,-5599.461699,3614.204602
2030-11-15 05:39:44.752823,1586585.711125,1542734.056799,8284579.047746,-954.499635,-5722.395995,3070.389803
2030-11-15 05:41:31.851954,1478870.659378,925131.979602,8583696.050109,-1054.764425,-5803.296710,2518.014745
2030-11-15 05:43:23.642964,1355750.910405,273804.633351,8833762.495836,-1145.663133,-5841.939680,1958.887299
2030-11-15 05:44:54.017219,1249260.497808,-254377.798268,8990899.922241,-1209.625527,-5842.516631,1520.695826
2030-11-15 05:46:23.554369,1138411.001451,-776604.112014,9108091.618684,-1265.174673,-5818.626370,1099.130016
2030-11-15 05:48:08.154161,1003078.296009,-1382554.965708,9197992.344554,-1320.852981,-5762.639532,622.711983
2030-11-15 05:50:00.017761,852470.303158,-2022413.852156,9240044.015822,-1370.152619,-5672.360168,132.433845
2030-11-15 05:51:57.872100,688455.169063,-2683803.215441,9226259.260928,-1411.444655,-5546.475324,-362.725929
2030-11-15 05:54:00.609734,513132.986106,-3354954.078596,9151267.160899,-1443.642646,-5384.940980,-855.380252
2030-11-15 05:56:04.837333,332313.839591,-4012254.345576,9015251.179058,-1465.751837,-5192.632708,-1330.500652
2030-11-15 05:58:11.241050,146152.684771,-4654807.982280,8817771.428207,-1478.091876,-4969.646081,-1790.120100
2030-11-15 06:00:21.300968,-46364.705511,-5284790.723589,8555527.567192,-1480.685692,-4713.588497,-2238.417461
2030-11-15 06:02:31.204135,-238349.218529,-5879117.279987,8236996.452872,-1473.536861,-4432.642449,-2661.659806
2030-11-15 06:04:42.601529,-430971.179134,-6441554.846971,7860482.438273,-1456.795484,-4124.264640,-3065.152685
2030-11-15 06:06:53.656963,-620292.152277,-6960637.671292,7433744.943979,-1430.859828,-3793.532172,-3443.094167
2030-11-15 06:09:04.199288,-804904.347218,-7433140.050998,6961027.056446,-1396.045913,-3441.895283,-3795.215112
2030-11-15 06:11:13.750496,-983052.322793,-7855280.671782,6448023.737439,-1352.736014,-3071.559005,-4120.432294
2030-11-15 06:13:21.861019,-1153151.101992,-8224218.790699,5900840.984269,-1301.342094,-2684.726270,-4417.869836
2030-11-15 06:15:28.054457,-1313736.605119,-8537922.925688,5326115.178146,-1242.331140,-2283.784856,-4686.718867
2030-11-15 06:17:31.830857,-1463502.428590,-8795272.878430,4730932.060103,-1176.241962,-1871.349925,-4926.281361
2030-11-15 06:19:32.643578,-1601307.380426,-8996111.095062,4122861.209387,-1103.719446,-1450.397062,-5135.981744
2030-11-15 06:21:29.873211,-1726190.908372,-9141341.458973,3510016.038854,-1025.561558,-1024.423559,-5315.418533
2030-11-15 06:23:22.719954,-1837325.034782,-9233032.921467,2901557.515953,-942.839675,-597.937979,-5464.367718
2030-11-15 06:25:10.014649,-1933951.211803,-9274756.972562,2308694.135948,-857.127581,-177.347861,-5582.863105
2030-11-15 06:26:57.117501,-2020853.136307,-9270609.655235,1705489.576522,-764.436274,257.258326,-5676.985034
2030-11-15 06:28:43.408285,-2096893.168965,-9219694.807382,1098247.626324,-665.113119,703.199552,-5744.609046
2030-11-15 06:30:29.106864,-2161643.272271,-9121295.928962,488705.658846,-558.788542,1161.061262,-5784.178407
2030-11-15 06:32:16.654333,-2215562.699911,-8970722.717975,-134161.090064,-442.535464,1641.485187,-5793.478030
2030-11-15 06:33:56.434999,-2254021.676743,-8784159.319639,-711397.958243,-327.093267,2099.995768,-5771.487360
2030-11-15 06:35:41.990668,-2281742.684830,-8536330.956390,-1317854.197906,-196.703954,2597.813866,-5712.902737
2030-11-15 06:37:35.385478,-2295647.172047,-8210791.489212,-1960021.314760,-46.812803,3146.083649,-5605.165972
2030-11-15 06:39:27.407741,-2292117.153559,-7827456.044636,-2579616.154862,111.564713,3699.605538,-5447.932208
2030-11-15 06:41:17.554450,-2270784.363815,-7389558.503899,-3168670.468419,277.481276,4252.766908,-5238.262289
2030-11-15 06:43:04.713111,-2231964.928774,-6904760.751472,-3716475.063290,448.634427,4795.933248,-4975.763705
2030-11-15 06:44:49.435725,-2175825.175802,-6374686.601416,-4221433.118757,624.996705,5327.076175,-4657.204350
2030-11-15 06:46:29.654136,-2104394.047442,-5815531.418373,-4670258.620928,801.761493,5830.316276,-4288.897240
2030-11-15 06:48:02.323265,-2022274.246875,-5254052.420823,-5049595.322036,971.496600,6285.444519,-3887.922516
2030-11-15 06:49:27.177715,-1933081.412992,-4703514.096815,-5361977.739171,1131.388785,6687.812747,-3465.797755
2030-11-15 06:50:47.932690,-1835467.212426,-4148587.486035,-5623890.493548,1286.542232,7052.101627,-3012.137276
2030-11-15 06:52:05.290253,-1730139.235194,-3590283.569651,-5838487.062164,1436.753889,7377.965418,-2527.754703
2030-11-15 06:53:19.605029,-1617995.932131,-3031194.906144,-6007575.485612,1581.211767,7663.493100,-2015.017488
2030-11-15 06:54:31.159697,-1499910.908340,-2473932.518737,-6132763.047084,1718.995288,7906.606437,-1476.760141
2030-11-15 06:55:40.183669,-1376747.727826,-1921110.654407,-6215583.593004,1849.113193,8105.237237,-916.322227
2030-11-15 06:56:38.344746,-1266094.390932,-1445616.393333,-6254388.160567,1955.321351,8240.422449,-413.499037
2030-11-15 06:57:37.707252,-1146913.152279,-953198.830980,-6263020.912267,2059.170999,8343.527311,127.109517
2030-11-15 06:58:33.913557,-1028537.993516,-482346.601227,-6240930.958904,2151.993898,8404.653011,662.547824
2030-11-15 06:59:27.945240,-909990.536647,-27471.724004,-6190785.930048,2234.950499,8426.345355,1196.502177
2030-11-15 07:00:21.301176,-788715.714707,421836.382701,-6112523.377766,2309.628495,8408.875612,1739.423863
2030-11-15 07:01:15.367832,-661986.449751,875049.434952,-6003319.546216,2376.716135,8348.747040,2301.917222
2030-11-15 07:02:09.264254,-532306.340117,1322392.811247,-5863949.955203,2433.737610,8243.657582,2870.815726
2030-11-15 07:03:02.768260,-400818.778607,1759632.577935,-5695156.294753,2479.403529,8092.631872,3438.877062
2030-11-15 07:03:55.731969,-268562.546893,2183247.463707,-5498160.438369,2512.768331,7895.871947,3999.241202
2030-11-15 07:04:48.109392,-136358.211327,2590692.769114,-5274327.116389,2533.224333,7654.395176,4545.999542
2030-11-15 07:05:39.912776,-4884.836349,2980041.316064,-5025087.520305,2540.421874,7369.871416,5073.920552
2030-11-15 07:06:31.195073,125292.425294,3349824.261299,-4751861.234115,2534.222666,7044.471967,5578.383837
2030-11-15 07:07:22.042297,253710.241837,3698936.578064,-4455980.340869,2514.659955,6680.716214,6055.364766
2030-11-15 07:08:12.559534,379972.355903,4026494.451213,-4138688.448956,2481.906674,6281.407851,6501.323218
2030-11-15 07:09:02.870922,503745.837270,4331791.506041,-3801092.791694,2436.246714,5849.517609,6913.203619
2030-11-15 07:09:53.110064,624730.658540,4614194.146825,-3444197.368296,2378.057370,5388.171148,7288.334931
2030-11-15 07:10:43.421979,742656.362281,4873114.568485,-3068880.449445,2307.789455,4900.571762,7624.423988
2030-11-15 07:11:33.959006,857262.873170,5107950.253078,-2675924.746711,2225.957159,4389.994685,7919.495483
2030-11-15 07:12:24.879923,968289.007405,5318048.760927,-2266037.204169,2133.129949,3859.771956,8171.861773
2030-11-15 07:13:16.349722,1075462.516524,5502680.206542,-1839871.169787,2029.926845,3313.282338,8380.100424
2030-11-15 07:14:08.538546,1178488.772544,5661012.003970,-1398061.720008,1917.015321,2753.958457,8543.034686
2030-11-15 07:15:01.149802,1276195.216235,5791061.895721,-945343.744881,1796.221275,2190.326007,8658.904136
2030-11-15 07:15:53.567389,1367071.545041,5891261.777482,-489465.379669,1670.385968,1634.100007,8727.581252
2030-11-15 07:16:45.313053,1450204.195848,5961813.059803,-37044.175591,1542.194739,1094.691249,8751.741706
2030-11-15 07:17:34.825994,1523472.489448,6003490.471124,396056.236615,1417.057048,591.109166,8736.683267
2030-11-15 07:18:25.838511,1592439.861539,6020741.473341,840565.813228,1286.736222,88.141108,8684.896122
2030-11-15 07:19:22.826699,1661608.075133,6010266.095718,1332909.019983,1140.758560,-451.657862,8587.219001
2030-11-15 07:20:21.698937,1724346.684261,5967920.960701,1834506.998286,990.845927,-982.077750,8446.689122
2030-11-15 07:21:22.891322,1780265.537155,5891753.718938,2345944.649840,837.275712,-1501.854705,8263.102917
2030-11-15 07:22:25.143245,1827612.710174,5782691.815441,2853635.294822,684.543985,-1996.158079,8042.496624
2030-11-15 07:23:29.920073,1866933.173516,5637739.683184,3366330.520572,530.363479,-2472.850446,7782.351034
2030-11-15 07:24:37.203738,1897395.003005,5455836.890222,3880088.884094,376.183487,-2927.323029,7484.908757
2030-11-15 07:25:47.235417,1918326.189397,5235528.617529,4392727.358825,222.836233,-3357.095328,7151.741400
2030-11-15 07:27:00.272211,1929009.610284,4975353.887987,4901763.661761,71.142897,-3759.801710,6784.537287
2030-11-15 07:28:16.639827,1928679.832928,4673660.015297,5404705.041538,-78.184603,-4133.422450,6384.813687
2030-11-15 07:29:36.745650,1916484.987015,4328495.669569,5898965.557664,-224.530791,-4476.167016,5953.809113
2030-11-15 07:31:01.126853,1891430.216495,3937348.075809,6381917.844951,-367.407113,-4786.442984,5492.221741
2030-11-15 07:32:30.168979,1852455.839393,3498515.573710,6849131.390703,-505.951651,-5061.756791,5001.804239
2030-11-15 07:34:02.611593,1799527.991031,3019386.359565,7287999.001642,-637.029533,-5295.849294,4493.613254
2030-11-15 07:35:38.857510,1732175.950418,2500002.754337,7695215.388408,-760.386445,-5488.790121,3969.520772
2030-11-15 07:37:19.054006,1650113.923895,1942066.896839,8065966.341960,-875.435889,-5640.053134,3432.681295
2030-11-15 07:39:03.428343,1553077.190885,1347279.268705,8395585.772363,-981.741684,-5749.392514,2885.685341
2030-11-15 07:40:52.257750,1440824.653614,717509.913085,8679286.492290,-1078.932164,-5816.607591,2330.755013
2030-11-15 07:42:42.271679,1317327.081367,75868.375613,8905639.951031,-1164.086724,-5841.285310,1787.261211
2030-11-15 07:44:22.386719,1197354.367452,-508617.029331,9060487.257280,-1230.993563,-5829.904939,1308.715982
2030-11-15 07:45:59.204125,1075403.794474,-1071390.444721,9165393.518553,-1286.783383,-5791.239235,860.838056
2030-11-15 07:47:48.040059,932382.626814,-1697987.954765,9232476.774173,-1339.753615,-5718.345092,375.021457
2030-11-15 07:49:43.166800,775417.972269,-2350402.951880,9247039.986910,-1385.334161,-5610.499346,-118.556771
2030-11-15 07:51:43.704452,606096.033790,-3018325.399666,9202714.260203,-1422.349001,-5466.904468,-613.153560
2030-11-15 07:53:48.736279,426420.517783,-3690971.819794,9095205.509255,-1449.958404,-5287.814287,-1102.575431
2030-11-15 07:55:53.199879,244776.216229,-4336558.887879,8928875.026352,-1467.229832,-5081.650479,-1566.318412
2030-11-15 07:58:01.703451,55626.620800,-4974445.122791,8698122.280237,-1474.992092,-4841.873059,-2021.021729
2030-11-15 08:00:00.000000,-118853.505446,-5533038.422128,8435342.463000,-1473.543103,-4598.586154,-2418.335803
